-- MariaDB dump 10.19-11.2.2-MariaDB, for Win64 (AMD64)
--
-- Host: localhost    Database: omdb_flix
-- ------------------------------------------------------
-- Server version	11.2.2-MariaDB

/*!40101 SET @OLD_CHARACTER_SET_CLIENT=@@CHARACTER_SET_CLIENT */;
/*!40101 SET @OLD_CHARACTER_SET_RESULTS=@@CHARACTER_SET_RESULTS */;
/*!40101 SET @OLD_COLLATION_CONNECTION=@@COLLATION_CONNECTION */;
/*!40101 SET NAMES utf8mb4 */;
/*!40103 SET @OLD_TIME_ZONE=@@TIME_ZONE */;
/*!40103 SET TIME_ZONE='+00:00' */;
/*!40014 SET @OLD_UNIQUE_CHECKS=@@UNIQUE_CHECKS, UNIQUE_CHECKS=0 */;
/*!40014 SET @OLD_FOREIGN_KEY_CHECKS=@@FOREIGN_KEY_CHECKS, FOREIGN_KEY_CHECKS=0 */;
/*!40101 SET @OLD_SQL_MODE=@@SQL_MODE, SQL_MODE='NO_AUTO_VALUE_ON_ZERO' */;
/*!40111 SET @OLD_SQL_NOTES=@@SQL_NOTES, SQL_NOTES=0 */;

--
-- Table structure for table `casting`
--

DROP TABLE IF EXISTS `casting`;
/*!40101 SET @saved_cs_client     = @@character_set_client */;
/*!40101 SET character_set_client = utf8 */;
CREATE TABLE `casting` (
  `id` int(11) NOT NULL AUTO_INCREMENT,
  `person_id` int(11) NOT NULL,
  `movie_id` int(11) NOT NULL,
  `role` varchar(100) NOT NULL,
  `credit_order` smallint(6) NOT NULL,
  PRIMARY KEY (`id`),
  KEY `IDX_D11BBA50217BBB47` (`person_id`),
  KEY `IDX_D11BBA508F93B6FC` (`movie_id`),
  CONSTRAINT `FK_D11BBA50217BBB47` FOREIGN KEY (`person_id`) REFERENCES `person` (`id`),
  CONSTRAINT `FK_D11BBA508F93B6FC` FOREIGN KEY (`movie_id`) REFERENCES `movie` (`id`)
) ENGINE=InnoDB AUTO_INCREMENT=472 DEFAULT CHARSET=utf8mb4 COLLATE=utf8mb4_unicode_ci;
/*!40101 SET character_set_client = @saved_cs_client */;

--
-- Dumping data for table `casting`
--

LOCK TABLES `casting` WRITE;
/*!40000 ALTER TABLE `casting` DISABLE KEYS */;
INSERT INTO `casting` VALUES
(322,505,84,'Édouard Berger',4),
(323,504,84,'Laure Jacob',3),
(324,503,84,'Élise Germain',2),
(325,502,84,'Claudine Guillet-Dijoux',1),
(326,505,85,'Emmanuel Julien',4),
(327,504,85,'Arthur Grenier',3),
(328,503,85,'Anne Laroche',2),
(329,502,85,'Philippine de Vidal',1),
(330,506,86,'Aimée Jacquet',5),
(331,505,86,'Joseph Joly',4),
(332,504,86,'Julie Verdier-Riou',3),
(333,503,86,'Théophile Le Duhamel',2),
(334,502,86,'Monique Chartier-Godard',1),
(335,506,87,'Aurélie Perrier',5),
(336,505,87,'Alfred Moreno',4),
(337,504,87,'Roger de Courtois',3),
(338,503,87,'Guy Boulanger',2),
(339,502,87,'Pénélope Dos Santos',1),
(340,504,88,'Alain Barre',3),
(341,503,88,'Eugène Dumont-Jourdan',2),
(342,502,88,'Gilbert Peron',1),
(343,505,89,'Charles Le Fabre',4),
(344,504,89,'Camille Delahaye',3),
(345,503,89,'Sylvie Roussel',2),
(346,502,89,'Richard Hebert',1),
(347,504,90,'Gérard Lacroix',3),
(348,503,90,'Pierre Descamps-Pereira',2),
(349,502,90,'Georges Coulon',1),
(350,504,91,'Alexandria Lefevre',3),
(351,503,91,'Céline Marie',2),
(352,502,91,'Célina Roussel',1),
(353,504,92,'Céline Da Silva',3),
(354,503,92,'Roland Sanchez',2),
(355,502,92,'Timothée Chauvet-Martins',1),
(356,505,93,'Thomas Menard',4),
(357,504,93,'Alfred-William Robert',3),
(358,503,93,'Odette Richard',2),
(359,502,93,'Michelle Robert',1),
(360,505,94,'Claire Deschamps-Allain',4),
(361,504,94,'Danielle Hernandez',3),
(362,503,94,'Charles Briand',2),
(363,502,94,'Marie Le Goff',1),
(364,506,95,'Adélaïde Vincent-De Sousa',5),
(365,505,95,'Catherine Begue-Daniel',4),
(366,504,95,'Zacharie Barbe',3),
(367,503,95,'Benjamin Morel',2),
(368,502,95,'Françoise Vallet',1),
(369,505,96,'Philippine de Clerc',4),
(370,504,96,'Joseph-Richard Gosselin',3),
(371,503,96,'Richard Ribeiro',2),
(372,502,96,'Jeanne Michaud',1),
(373,504,97,'Alix Maillard-Valette',3),
(374,503,97,'Raymond Cousin',2),
(375,502,97,'Alain Charles',1),
(376,505,98,'Laurence Adam',4),
(377,504,98,'Guillaume-Alexandre Fouquet',3),
(378,503,98,'Louis-Rémy Devaux',2),
(379,502,98,'William Roche',1),
(380,504,99,'Guy Devaux',3),
(381,503,99,'Luc Blanchard-De Sousa',2),
(382,502,99,'Sébastien Sanchez',1),
(383,504,100,'Léon-David Caron',3),
(384,503,100,'Denis Guibert-Guillou',2),
(385,502,100,'Capucine Blot',1),
(386,504,101,'Richard de la Couturier',3),
(387,503,101,'Bernard Munoz',2),
(388,502,101,'Rémy Berger',1),
(389,505,102,'Emmanuel Le Fontaine',4),
(390,504,102,'Célina Guillon',3),
(391,503,102,'Sylvie Perrier',2),
(392,502,102,'Madeleine Reynaud',1),
(393,506,103,'Stéphane Faivre',5),
(394,505,103,'Gabrielle de la Perrier',4),
(395,504,103,'Claire Bazin-Bigot',3),
(396,503,103,'Thierry Philippe-Gautier',2),
(397,502,103,'Margaret Lefort',1),
(398,504,104,'Michèle Morvan',3),
(399,503,104,'Marie Lecoq-Lesage',2),
(400,502,104,'Auguste Gosselin-Chretien',1),
(401,504,105,'Alexandre de Thomas',3),
(402,503,105,'Aurélie Ferrand',2),
(403,502,105,'Claire Leroux',1),
(404,504,106,'Jérôme Barbe',3),
(405,503,106,'Luc de Brunet',2),
(406,502,106,'Claudine Camus',1),
(407,506,107,'Joséphine Klein-De Oliveira',5),
(408,505,107,'William Alexandre',4),
(409,504,107,'William Girard',3),
(410,503,107,'Victor Blanchard',2),
(411,502,107,'Bernadette du Dubois',1),
(412,506,108,'David Sauvage',5),
(413,505,108,'Zoé Pinto',4),
(414,504,108,'Christine Bruneau',3),
(415,503,108,'Thomas Bertrand',2),
(416,502,108,'Daniel-Stéphane Picard',1),
(417,504,109,'Bernard Barre',3),
(418,503,109,'Chantal Bourdon',2),
(419,502,109,'Augustin Pereira',1),
(420,504,110,'Catherine Guillou',3),
(421,503,110,'Hortense Lambert',2),
(422,502,110,'Marianne de Antoine',1),
(423,504,111,'Xavier Thomas-Lopes',3),
(424,503,111,'Hortense Le Devaux',2),
(425,502,111,'Michèle Grenier',1),
(426,505,112,'Anouk Merle',4),
(427,504,112,'Yves de la Roux',3),
(428,503,112,'Capucine Gerard',2),
(429,502,112,'Margot Delmas-Buisson',1),
(430,505,113,'Henri Couturier',4),
(431,504,113,'Marcelle Rey-Bouvet',3),
(432,503,113,'Martine Diaz',2),
(433,502,113,'Amélie Barre',1),
(434,505,114,'Charles Gaillard',4),
(435,504,114,'Guillaume Guerin',3),
(436,503,114,'Éric Guichard',2),
(437,502,114,'Aimé Gautier',1),
(438,504,115,'Arthur Le Lacombe',3),
(439,503,115,'Édith Durand',2),
(440,502,115,'Alexandre Leblanc',1),
(441,504,116,'Émilie Toussaint',3),
(442,503,116,'Margaux Leduc',2),
(443,502,116,'Mathilde de Guillot',1),
(444,506,117,'Gilbert Barbe',5),
(445,505,117,'Gabrielle Le Goff',4),
(446,504,117,'Laurent-Victor Collet',3),
(447,503,117,'Alexandre Michaud',2),
(448,502,117,'Alphonse de la Begue',1),
(449,505,118,'Véronique-Hortense Devaux',4),
(450,504,118,'Bernard Delattre',3),
(451,503,118,'Bernard Lacombe-Guibert',2),
(452,502,118,'Sabine Paris',1),
(453,506,119,'Nicole Le Gall',5),
(454,505,119,'Eugène de la Weiss',4),
(455,504,119,'Joseph-Pierre Roche',3),
(456,503,119,'Marine Millet-Dos Santos',2),
(457,502,119,'Jacques Duval',1),
(458,505,120,'Théophile Michel',4),
(459,504,120,'Christophe-Alexandre Jacob',3),
(460,503,120,'Denis Gerard',2),
(461,502,120,'Franck Barthelemy',1),
(462,505,121,'Odette Chevallier',4),
(463,504,121,'Catherine Thibault',3),
(464,503,121,'Victor Le Meyer',2),
(465,502,121,'Laetitia de Martel',1),
(466,504,122,'Marc-Gabriel Lebon',3),
(467,503,122,'Olivier Garcia',2),
(468,502,122,'Danielle Texier',1),
(469,504,123,'Benjamin Pottier',3),
(470,503,123,'Vincent Thibault-Boyer',2),
(471,502,123,'Gérard Barre',1);
/*!40000 ALTER TABLE `casting` ENABLE KEYS */;
UNLOCK TABLES;

--
-- Table structure for table `doctrine_migration_versions`
--

DROP TABLE IF EXISTS `doctrine_migration_versions`;
/*!40101 SET @saved_cs_client     = @@character_set_client */;
/*!40101 SET character_set_client = utf8 */;
CREATE TABLE `doctrine_migration_versions` (
  `version` varchar(191) NOT NULL,
  `executed_at` datetime DEFAULT NULL,
  `execution_time` int(11) DEFAULT NULL,
  PRIMARY KEY (`version`)
) ENGINE=InnoDB DEFAULT CHARSET=utf8mb3 COLLATE=utf8mb3_unicode_ci;
/*!40101 SET character_set_client = @saved_cs_client */;

--
-- Dumping data for table `doctrine_migration_versions`
--

LOCK TABLES `doctrine_migration_versions` WRITE;
/*!40000 ALTER TABLE `doctrine_migration_versions` DISABLE KEYS */;
INSERT INTO `doctrine_migration_versions` VALUES
('DoctrineMigrations\\Version20230830063437','2023-09-12 11:54:34',749),
('DoctrineMigrations\\Version20230830121152','2023-09-12 11:54:35',24),
('DoctrineMigrations\\Version20230906123820','2023-09-12 11:54:35',8),
('DoctrineMigrations\\Version20230907084623','2023-09-12 11:54:35',6);
/*!40000 ALTER TABLE `doctrine_migration_versions` ENABLE KEYS */;
UNLOCK TABLES;

--
-- Table structure for table `genre`
--

DROP TABLE IF EXISTS `genre`;
/*!40101 SET @saved_cs_client     = @@character_set_client */;
/*!40101 SET character_set_client = utf8 */;
CREATE TABLE `genre` (
  `id` int(11) NOT NULL AUTO_INCREMENT,
  `name` varchar(100) NOT NULL,
  PRIMARY KEY (`id`)
) ENGINE=InnoDB AUTO_INCREMENT=122 DEFAULT CHARSET=utf8mb4 COLLATE=utf8mb4_unicode_ci;
/*!40101 SET character_set_client = @saved_cs_client */;

--
-- Dumping data for table `genre`
--

LOCK TABLES `genre` WRITE;
/*!40000 ALTER TABLE `genre` DISABLE KEYS */;
INSERT INTO `genre` VALUES
(101,'Film d\'opéra'),
(102,'Film musical'),
(103,'Cinéma direct'),
(104,'Portrait'),
(105,'Film d\'amour'),
(106,'Comédie de mœurs'),
(107,'Film de propagande'),
(108,'Cinéma de montagne'),
(109,'Film historique'),
(110,'Cinéma amateur'),
(111,'Ethnofiction'),
(112,'Film de guérilla'),
(113,'Mélodrame'),
(114,'Documentaire'),
(115,'Road movie'),
(116,'Docufiction'),
(117,'Drame'),
(118,'Film de gangsters'),
(119,'Found footage'),
(120,'Troma'),
(121,'Action');
/*!40000 ALTER TABLE `genre` ENABLE KEYS */;
UNLOCK TABLES;

--
-- Table structure for table `movie`
--

DROP TABLE IF EXISTS `movie`;
/*!40101 SET @saved_cs_client     = @@character_set_client */;
/*!40101 SET character_set_client = utf8 */;
CREATE TABLE `movie` (
  `id` int(11) NOT NULL AUTO_INCREMENT,
  `title` varchar(255) NOT NULL,
  `release_date` date NOT NULL,
  `duration` int(11) NOT NULL,
  `type` varchar(10) NOT NULL,
  `summary` varchar(200) NOT NULL,
  `synopsis` varchar(5000) NOT NULL,
  `poster` varchar(2083) DEFAULT NULL,
  `rating` decimal(2,1) DEFAULT NULL,
  `slug` varchar(255) NOT NULL,
  `updated_at` datetime DEFAULT NULL COMMENT '(DC2Type:datetime_immutable)',
  PRIMARY KEY (`id`)
) ENGINE=InnoDB AUTO_INCREMENT=129 DEFAULT CHARSET=utf8mb4 COLLATE=utf8mb4_unicode_ci;
/*!40101 SET character_set_client = @saved_cs_client */;

--
-- Dumping data for table `movie`
--

LOCK TABLES `movie` WRITE;
/*!40000 ALTER TABLE `movie` DISABLE KEYS */;
INSERT INTO `movie` VALUES
(84,'St. Trinian\'s','1990-10-26',88,'Film','Necessitatibus libero dolorem quo explicabo itaque. Omnis dicta hic officiis. Enim at nemo quia.','Omnis commodi minus id aut quo. Nisi accusamus ut ut sequi corporis molestiae. Magnam voluptates ab exercitationem iusto velit earum.','https://m.media-amazon.com/images/M/MV5BMTg5MjIwMzgwNF5BMl5BanBnXkFtZTcwOTg3NzI3Mg@@._V1_SX300.jpg',4.0,'st-trinian-s','2023-09-12 12:11:46'),
(85,'Blackfish','2014-04-15',73,'Série','Sunt vel nam molestiae praesentium quae officiis. Aliquam dolor qui aut esse et sint.','Totam non deserunt voluptas vel qui esse. A consectetur magnam magni quas minima architecto aut. Aut omnis debitis veritatis delectus repellat. Dolorem unde cumque optio sed.','https://m.media-amazon.com/images/M/MV5BNTkyNTkwMzkxMl5BMl5BanBnXkFtZTcwMzAwOTE2OQ@@._V1_SX300.jpg',3.3,'blackfish','2023-09-12 12:11:46'),
(86,'We\'re the Millers','1966-07-27',76,'Film','Ut enim sunt quia eum. Labore quod eum voluptas. Ipsum ducimus rem assumenda corporis delectus.','Doloribus quibusdam consectetur dignissimos voluptate libero. Ut suscipit id et porro aut. Consequatur dolorem error nostrum ut. Perferendis voluptatum quas ut quaerat.','https://m.media-amazon.com/images/M/MV5BMWMxMjEwNDktMTY5OC00NmMwLTlhNTItMTU2OWI0YTBjN2IxXkEyXkFqcGdeQXVyNTA4NzY1MzY@._V1_SX300.jpg',1.5,'we-re-the-millers','2023-09-12 12:11:46'),
(87,'American Hustle','1929-11-19',117,'Film','Tempore debitis quia deleniti explicabo nam. Sint tenetur neque qui aut aut maiores quia.','Inventore enim sed sed optio perferendis illo veniam. Consequatur cum minima sed quia qui voluptatibus eum. Commodi eaque sapiente enim quae consequatur nihil consequatur.','https://m.media-amazon.com/images/M/MV5BMmM4YzJjZGMtNjQxMy00NjdlLWJjYTItZWZkYzdhOTdhNzFiXkEyXkFqcGdeQXVyMTMxODk2OTU@._V1_SX300.jpg',3.0,'american-hustle','2023-09-12 12:11:46'),
(88,'Christmas with the Kranks','1980-12-29',92,'Série','Occaecati nisi vitae sunt a. Quia itaque odit maiores sit ipsa. Corrupti aut esse dicta saepe.','Dicta voluptatem temporibus magni officiis itaque voluptatem sint voluptatibus. Adipisci quo alias necessitatibus assumenda omnis quia soluta fuga. Delectus nostrum consequuntur aut voluptates.','https://m.media-amazon.com/images/M/MV5BMTQxMDMxODEwNF5BMl5BanBnXkFtZTYwNzM4OTc2._V1_SX300.jpg',2.3,'christmas-with-the-kranks','2023-09-12 12:11:46'),
(89,'Employee of the Month','1984-07-03',83,'Série','Quia culpa dolores exercitationem ipsa. Aspernatur natus voluptate ab. Sit omnis aut rerum eius et.','Ad error iste qui magnam necessitatibus odio. Voluptas natus sed consequuntur ab corrupti. Doloribus quia pariatur veniam.','https://m.media-amazon.com/images/M/MV5BMTc4NTc2NDI5OF5BMl5BanBnXkFtZTcwMDQ4NzYzMQ@@._V1_SX300.jpg',4.0,'employee-of-the-month','2023-09-12 12:11:46'),
(90,'We\'re the Millers','2003-12-24',71,'Film','Dolores repellendus voluptate minus. Illo dolorum rerum ad et doloremque voluptatem a.','Quia rem magnam ab tempora error amet excepturi. Ipsa et officia ut molestiae minus animi. Officiis nihil voluptatem voluptate facere.','https://m.media-amazon.com/images/M/MV5BMWMxMjEwNDktMTY5OC00NmMwLTlhNTItMTU2OWI0YTBjN2IxXkEyXkFqcGdeQXVyNTA4NzY1MzY@._V1_SX300.jpg',4.3,'we-re-the-millers','2023-09-12 12:11:46'),
(91,'Cloud Atlas','1985-02-16',73,'Film','A ullam vero molestias ipsum. Ut a tempora repudiandae et. Nihil est rerum cumque sed.','Earum deleniti accusamus autem mollitia expedita dolore. Quae vitae omnis non et. Ex repellat dolore qui molestiae.','https://m.media-amazon.com/images/M/MV5BMTczMTgxMjc4NF5BMl5BanBnXkFtZTcwNjM5MTA2OA@@._V1_SX300.jpg',2.8,'cloud-atlas','2023-09-12 12:11:46'),
(92,'Monsters University','1991-10-31',114,'Série','Delectus delectus quos pariatur. Quis recusandae atque esse velit.','Et nam ex corporis aut. Unde voluptates omnis id id. Omnis ipsam natus facere quas officia. Quos fugiat consequatur consequuntur laboriosam ullam accusantium quo voluptates.','https://m.media-amazon.com/images/M/MV5BMTUyODgwMDU3M15BMl5BanBnXkFtZTcwOTM4MjcxOQ@@._V1_SX300.jpg',3.7,'monsters-university','2023-09-12 12:11:46'),
(93,'I Am Legend','1955-01-21',106,'Film','Fuga repudiandae ut sed in. Esse veniam ipsam animi dolor.','Nobis aut minus asperiores ab. Cumque sit vero et quo exercitationem et. Molestiae accusamus in id dignissimos modi qui nesciunt illo.','https://m.media-amazon.com/images/M/MV5BYTE1ZTBlYzgtNmMyNS00ZTQ2LWE4NjEtZjUxNDJkNTg2MzlhXkEyXkFqcGdeQXVyNjU0OTQ0OTY@._V1_SX300.jpg',4.5,'i-am-legend','2023-09-12 12:11:46'),
(94,'Detachment','2018-05-14',94,'Série','Enim quod commodi culpa sapiente et itaque. Qui exercitationem ut esse est eos.','Quia ex ab ad aut perspiciatis odio aliquid autem. Aut sed eum fuga totam. Blanditiis possimus doloremque voluptatibus ab quibusdam cupiditate et ipsa. Rerum quisquam dolores eligendi aperiam aut.','https://m.media-amazon.com/images/M/MV5BMTM3NzQzMDA5Ml5BMl5BanBnXkFtZTcwODA5NTcyNw@@._V1_SX300.jpg',2.0,'detachment','2023-09-12 12:11:46'),
(95,'V for Vendetta','1996-09-04',119,'Film','Et aut veritatis amet voluptatem perspiciatis eos. Consectetur voluptas numquam illo soluta.','Facere ut voluptatibus eligendi ut optio nulla. Eveniet corporis quas doloremque aut necessitatibus. Pariatur ut libero atque.','https://m.media-amazon.com/images/M/MV5BOTI5ODc3NzExNV5BMl5BanBnXkFtZTcwNzYxNzQzMw@@._V1_SX300.jpg',3.8,'v-for-vendetta','2023-09-12 12:11:46'),
(96,'Shark Tale','2019-08-03',63,'Film','Velit quia ut velit magnam at omnis. Distinctio eaque aspernatur vitae sunt.','Quod eveniet provident reiciendis aut facilis inventore dolor. Voluptas suscipit molestiae est qui dolor. Delectus sint est dolorem reprehenderit.','https://m.media-amazon.com/images/M/MV5BMTMxMjY0NzE2M15BMl5BanBnXkFtZTcwNTc3ODcyMw@@._V1_SX300.jpg',3.8,'shark-tale','2023-09-12 12:11:46'),
(97,'Get Smart','1942-11-28',78,'Film','Quaerat minus nesciunt sed totam veritatis. Aliquid omnis magni ut.','Eos nostrum quo praesentium. Sunt a omnis dicta nesciunt ratione sed. Alias ea dolorem dolores doloremque aut repellat. Repudiandae voluptatem est eaque.','https://m.media-amazon.com/images/M/MV5BMTY0NzQ4MDU0NV5BMl5BanBnXkFtZTcwMzA2NzQ2MQ@@._V1_SX300.jpg',2.0,'get-smart','2023-09-12 12:11:46'),
(98,'Ratatouille','1937-06-13',116,'Film','Qui ut odio assumenda repellendus. Et repellendus hic odit.','Nihil modi necessitatibus eum beatae. In suscipit enim atque vero. Inventore adipisci expedita tempora dolor voluptas incidunt. Veritatis veniam eum aut et similique ut.','https://m.media-amazon.com/images/M/MV5BMTMzODU0NTkxMF5BMl5BanBnXkFtZTcwMjQ4MzMzMw@@._V1_SX300.jpg',2.7,'ratatouille','2023-09-12 12:11:46'),
(99,'The Princess Diaries','1980-06-25',69,'Film','Eius consequatur enim magnam ad. Iusto ratione dolores sit dolores natus et. Error vel amet a.','Et sunt voluptatem fuga et soluta. Provident voluptatem ad qui nemo. Tempora distinctio ducimus repellat et reiciendis consequuntur sunt. Enim numquam qui velit quod.','https://m.media-amazon.com/images/M/MV5BMzcwYjEwMzEtZTZmMi00ZGFhLWJhZjItMDAzNDVkNjZmM2U5L2ltYWdlL2ltYWdlXkEyXkFqcGdeQXVyMTQxNzMzNDI@._V1_SX300.jpg',3.8,'the-princess-diaries','2023-09-12 12:11:46'),
(100,'Gremlins','1999-12-22',118,'Film','Esse voluptatem esse quo quia. Aut facere deleniti qui. Voluptatem enim aut repellendus.','Nulla dolorem perferendis quam et id ipsa. Qui officia ratione et repellendus similique. Aut omnis dolorem cum veritatis aspernatur commodi.','https://m.media-amazon.com/images/M/MV5BZDNlZWYyNTctMDk0Ni00MGI2LWFlOTQtY2M0YWZkZDY4ZjJiXkEyXkFqcGdeQXVyNjc5NjEzNA@@._V1_SX300.jpg',2.6,'gremlins','2023-09-12 12:11:46'),
(101,'Stand by Me','1983-01-28',76,'Film','Odio corrupti commodi molestiae ea adipisci. Impedit sed in et laboriosam et et.','Illo et debitis exercitationem incidunt sint molestias. In rem tenetur veniam accusamus tenetur.','https://m.media-amazon.com/images/M/MV5BODJmY2Y2OGQtMDg2My00N2Q3LWJmZTUtYTc2ODBjZDVlNDlhXkEyXkFqcGdeQXVyMTQxNzMzNDI@._V1_SX300.jpg',3.0,'stand-by-me','2023-09-12 12:11:46'),
(102,'How to Train Your Dragon (2010)','2002-04-05',75,'Film','Atque aut ipsa vel numquam fugit. Qui nulla soluta sapiente debitis error.','Facere sed consequatur in. Id dolore et ab nam et recusandae nam mollitia. Dolorem voluptatem doloribus et veniam qui asperiores voluptas.','https://m.media-amazon.com/images/M/MV5BMDgzYTM4YWYtMWU2OS00ZTZhLThkYzItOWJiZTIzYmJhOTVmXkEyXkFqcGdeQXVyNjQwMzA5Ng@@._V1_SX300.jpg',3.7,'how-to-train-your-dragon-2010','2023-09-12 12:11:46'),
(103,'Gone Baby Gone','1948-11-14',94,'Film','Repellendus odio velit officiis fugiat aut vel est laborum. Fugit commodi sed fugit molestias.','Ut quos beatae voluptatem veniam earum commodi temporibus. Placeat laboriosam quod illo. Occaecati deserunt consequatur cupiditate.','https://m.media-amazon.com/images/M/MV5BYmM2NDNiNGItMTRhMi00ZDA2LTgzOWMtZTE2ZjFhMDQ2M2U5XkEyXkFqcGdeQXVyNTAyODkwOQ@@._V1_SX300.jpg',3.8,'gone-baby-gone','2023-09-12 12:11:46'),
(104,'Due Date','2006-09-08',81,'Série','Eveniet et sequi explicabo doloremque nisi est. Qui ducimus officia id eos tempora quis unde.','Explicabo voluptatem commodi vitae. Quo quia a expedita culpa exercitationem. Occaecati excepturi deleniti porro rerum cumque cupiditate. Exercitationem earum tenetur inventore ipsum.','https://m.media-amazon.com/images/M/MV5BMTU5MTgxODM3Nl5BMl5BanBnXkFtZTcwMjMxNDEwNA@@._V1_SX300.jpg',2.0,'due-date','2023-09-12 12:11:46'),
(105,'The Grey','1940-08-29',75,'Film','Qui assumenda minus quis. Quia fugiat qui aut nesciunt vel.','Laudantium dolorum est corporis quos sed cum. Nulla est ratione aut qui quis magnam. Et esse facere corrupti rerum repellat possimus sed.','https://m.media-amazon.com/images/M/MV5BNDY4MTQwMzc1MV5BMl5BanBnXkFtZTcwNzcwNTM5Ng@@._V1_SX300.jpg',3.6,'the-grey','2023-09-12 12:11:46'),
(106,'Jackass: The Movie','1996-08-07',114,'Série','Ut earum dolorum quo. Quod quas est consequatur expedita. Nihil ipsa enim sed qui optio ipsam.','Nisi minus mollitia quibusdam est sapiente et et. Rem qui rerum iste. Ipsa voluptatem dolores autem quo recusandae at molestias repellat.','https://m.media-amazon.com/images/M/MV5BOTgwMmU0YzktOGNhNi00MDcyLTg1OGEtZGQwM2RlMTAyYzhlXkEyXkFqcGdeQXVyMTQxNzMzNDI@._V1_SX300.jpg',3.5,'jackass-the-movie','2023-09-12 12:11:46'),
(107,'My Best Friend\'s Girl','1939-12-17',79,'Film','Qui dolorem magni aperiam. Sunt veritatis ipsa suscipit qui qui. Ut natus iusto deserunt commodi.','Voluptatem ut ab possimus nemo consequatur incidunt. Consequatur accusamus ad repudiandae et aspernatur. Quia est voluptas doloremque. Impedit officiis ut aut a itaque.','https://m.media-amazon.com/images/M/MV5BMTg4MDg5NjE3Nl5BMl5BanBnXkFtZTcwNzc4ODQ3MQ@@._V1_SX300.jpg',2.8,'my-best-friend-s-girl','2023-09-12 12:11:46'),
(108,'The Godfather','1968-12-29',98,'Film','Mollitia quaerat nihil corrupti ut ipsa nesciunt. Voluptate aut ipsam porro officiis consectetur.','Voluptatum nemo qui quidem odio voluptatem sed iusto. Et reprehenderit in blanditiis provident omnis quia. Neque nihil adipisci officiis eos.','https://m.media-amazon.com/images/M/MV5BM2MyNjYxNmUtYTAwNi00MTYxLWJmNWYtYzZlODY3ZTk3OTFlXkEyXkFqcGdeQXVyNzkwMjQ5NzM@._V1_SX300.jpg',2.0,'the-godfather','2023-09-12 12:11:46'),
(109,'Superbad','1975-11-27',106,'Série','Autem architecto non amet hic voluptatem. Perferendis aliquid et error eaque.','Ratione adipisci rerum commodi architecto aut voluptate. Numquam distinctio sunt laboriosam accusantium.','https://m.media-amazon.com/images/M/MV5BY2VkMDg4ZTYtN2M3Yy00NWZiLWE2ODEtZjU5MjZkYWNkNGIzXkEyXkFqcGdeQXVyODY5Njk4Njc@._V1_SX300.jpg',3.5,'superbad','2023-09-12 12:11:47'),
(110,'Dresses','2001-10-09',73,'Série','Facilis occaecati et et sed aspernatur nam vel. Rerum explicabo sapiente beatae aut sit nemo.','Et et tempora est animi assumenda mollitia. Et illum culpa tenetur in explicabo et nemo.','https://m.media-amazon.com/images/M/MV5BODMzNzI1NTgtZjJlNC00MWM1LTlkOTUtOWJkZTdhNmQzMGZkXkEyXkFqcGdeQXVyMTQ4Njc5OTIx._V1_SX300.jpg',2.5,'dresses','2023-09-12 12:11:47'),
(111,'Toy Story','2003-01-18',60,'Film','Itaque eligendi excepturi qui id inventore minus corrupti. Eos necessitatibus alias est.','Reiciendis laudantium dolores officia. Velit doloribus dolor aut ipsam ut. Ipsam id praesentium perferendis cupiditate autem reiciendis.','https://m.media-amazon.com/images/M/MV5BMDU2ZWJlMjktMTRhMy00ZTA5LWEzNDgtYmNmZTEwZTViZWJkXkEyXkFqcGdeQXVyNDQ2OTk4MzI@._V1_SX300.jpg',4.0,'toy-story','2023-09-12 12:11:47'),
(112,'Hotel Transylvania','1932-11-26',74,'Série','Qui dolor officia est et. Dolores eius non et. Rerum doloribus explicabo aperiam cumque omnis aut.','Provident alias saepe dolorem enim qui. Temporibus dolores accusantium quo in qui dolore architecto. Voluptas quae pariatur aperiam incidunt.','https://m.media-amazon.com/images/M/MV5BMTM3NjQyODI3M15BMl5BanBnXkFtZTcwMDM4NjM0OA@@._V1_SX300.jpg',3.7,'hotel-transylvania','2023-09-12 12:11:47'),
(113,'The Notebook','2002-01-02',79,'Série','Vitae aut corrupti voluptas nihil. Ut repudiandae modi aut praesentium est et.','Velit labore in error omnis. Facilis tempora aut corporis et eligendi quia quaerat.','https://m.media-amazon.com/images/M/MV5BNzc3Mzg1OGYtZjc3My00Y2NhLTgyOWUtYjRhMmI4OTkwNDg4XkEyXkFqcGdeQXVyMTU3NDU4MDg2._V1_SX300.jpg',3.6,'the-notebook','2023-09-12 12:11:47'),
(114,'The Day After Tomorrow','1995-07-11',78,'Série','Saepe rerum similique alias iste laborum beatae id. Id soluta doloribus praesentium voluptatem.','Id est et quo delectus quia sunt. Tenetur architecto voluptatibus provident et officiis. Totam dolor et quia suscipit vitae rerum sit. Qui autem ut sed quibusdam.','https://m.media-amazon.com/images/M/MV5BNWNkNzljZjktY2MwNi00OWExLTliNTMtOTk0NGU2ZDQ3ZTEyXkEyXkFqcGdeQXVyMjUzOTY1NTc@._V1_SX300.jpg',2.7,'the-day-after-tomorrow','2023-09-12 12:11:47'),
(115,'Due Date','1934-02-28',114,'Film','Harum est voluptatum aut a et ut sint. Enim error dolor suscipit quisquam.','Aut et quia consequatur. Debitis consectetur asperiores nobis vel rerum. Corporis veritatis rerum voluptates est vel. Deleniti nulla similique recusandae ad dolorem.','https://m.media-amazon.com/images/M/MV5BMTU5MTgxODM3Nl5BMl5BanBnXkFtZTcwMjMxNDEwNA@@._V1_SX300.jpg',3.5,'due-date','2023-09-12 12:11:47'),
(116,'Confessions of a Shopaholic','1952-11-19',67,'Série','Cupiditate repellat et unde hic eos. Et non distinctio quod veritatis praesentium.','Maiores ipsum quos et odit quam. Nulla soluta hic ab at consectetur. Qui dolores accusantium ratione. Vitae quae architecto est vel est debitis.','https://m.media-amazon.com/images/M/MV5BMzFlMjVkMzQtMTk2OS00ZTY2LWEyMGMtM2ZkN2QxN2FkNzUzXkEyXkFqcGdeQXVyMTUyOTc1NDYz._V1_SX300.jpg',2.0,'confessions-of-a-shopaholic','2023-09-12 12:11:47'),
(117,'Maze Runner','2010-02-23',68,'Film','Labore et cupiditate vel sint natus quae consequatur id. Consectetur tenetur molestias quia ad.','Possimus accusamus rerum quos culpa nihil odio officiis. Nesciunt quibusdam assumenda excepturi. Cum consequatur eum tempore sed totam quo quidem. Nobis porro dolor molestiae corporis.','https://m.media-amazon.com/images/M/MV5BMjUyNTA3MTAyM15BMl5BanBnXkFtZTgwOTEyMTkyMjE@._V1_SX300.jpg',3.3,'maze-runner','2023-09-12 12:11:47'),
(118,'In the Name of the Father','1997-07-13',101,'Série','Distinctio ab deleniti sapiente voluptates. Cum nisi aperiam eos eum iusto et iure ex.','Vel non cum placeat rerum optio quae. Autem quae repellendus exercitationem voluptas. Consequatur adipisci accusamus animi quod.','https://m.media-amazon.com/images/M/MV5BMmYyOTgwYWItYmU3Ny00M2E2LTk0NWMtMDVlNmQ0MWZiMTMxXkEyXkFqcGdeQXVyNzkwMjQ5NzM@._V1_SX300.jpg',3.0,'in-the-name-of-the-father','2023-09-12 12:11:47'),
(119,'Monster House','1960-05-06',99,'Film','Facilis doloribus corporis sapiente et et harum. Facilis dicta odit at delectus.','Nobis labore vel dolores ipsum aperiam at ea praesentium. Quos voluptas unde ea. Qui illum eaque tempora dolor ullam dolore et.','https://m.media-amazon.com/images/M/MV5BMTIzNjE1NDg1N15BMl5BanBnXkFtZTcwOTg2NTMzMQ@@._V1_SX300.jpg',2.0,'monster-house','2023-09-12 12:11:47'),
(120,'The Twilight Saga: Eclipse','2008-04-01',63,'Film','Nostrum beatae nihil eius. Neque vitae hic quis natus numquam magnam rerum sapiente.','Rerum sequi porro sit deserunt a. Assumenda sit sed ipsam itaque dolorem quia voluptates nesciunt. Qui adipisci et voluptatum labore cum dolor. Perspiciatis consectetur sed quia omnis quidem.','https://m.media-amazon.com/images/M/MV5BNDMwNjAzNzYwOF5BMl5BanBnXkFtZTcwMDY5NzcyMw@@._V1_SX300.jpg',2.0,'the-twilight-saga-eclipse','2023-09-12 12:11:47'),
(121,'Chicken Run','1928-10-13',81,'Film','Reprehenderit excepturi voluptas nulla temporibus cupiditate. Quo maiores provident nihil.','Fugit atque veritatis aliquid aliquam veniam eius. Tenetur aliquid architecto tenetur ducimus consectetur earum.','https://m.media-amazon.com/images/M/MV5BNDgxNjZlZDYtZGJmZC00Mjg0LWEwYzctYWQ0MWFjNTM3ZmM4XkEyXkFqcGdeQXVyNTM5NzI0NDY@._V1_SX300.jpg',3.3,'chicken-run','2023-09-12 12:11:47'),
(122,'Ted','1985-01-07',101,'Film','Sed magni provident commodi. Qui eaque blanditiis id cumque. Quas ex et neque corrupti.','Eaque consequuntur laboriosam nulla molestiae labore placeat aut. Sunt ea facilis consectetur maxime odit. Velit molestias deserunt similique quam culpa qui dolores.','https://m.media-amazon.com/images/M/MV5BMTQ1OTU0ODcxMV5BMl5BanBnXkFtZTcwOTMxNTUwOA@@._V1_SX300.jpg',3.0,'ted','2023-09-12 12:11:47'),
(123,'The Aviator','1996-05-15',65,'Série','Tempore sint consequuntur aut ullam qui dolor. In veniam aut corrupti.','In culpa vel iste quidem ipsa quia animi ratione. Qui dolores iusto non ducimus fuga quidem. Commodi laborum explicabo facere ut.','https://m.media-amazon.com/images/M/MV5BZTYzMjA2M2EtYmY1OC00ZWMxLThlY2YtZGI3MTQzOWM4YjE3XkEyXkFqcGdeQXVyMTQxNzMzNDI@._V1_SX300.jpg',4.5,'the-aviator','2023-09-12 12:11:47'),
(124,'Babe et moi','1984-10-05',120,'Film','Ceci est le summary','Ceci est le synopsis','https://m.media-amazon.com/images/M/MV5BYjg4ZjUzMzMtYzlmYi00YTcwLTlkOWUtYWFmY2RhNjliODQzXkEyXkFqcGdeQXVyNTUyMzE4Mzg@._V1_SX300.jpg',4.0,'babe-et-moi',NULL),
(127,'Architecto quidem ve','2014-10-01',19,'Série','Fugit et deserunt q','Veniam sit eligend','https://fr.web.img6.acsta.net/c_310_420/pictures/23/04/05/17/17/4725967.jpg',NULL,'architecto-quidem-ve',NULL),
(128,'Ipsum doloribus cupi','1978-05-07',11,'Film','Consectetur esse no','Voluptate omnis accu','https://fr.web.img6.acsta.net/c_310_420/pictures/23/04/05/17/17/4725967.jpg',NULL,'ipsum-doloribus-cupi',NULL);
/*!40000 ALTER TABLE `movie` ENABLE KEYS */;
UNLOCK TABLES;

--
-- Table structure for table `movie_genre`
--

DROP TABLE IF EXISTS `movie_genre`;
/*!40101 SET @saved_cs_client     = @@character_set_client */;
/*!40101 SET character_set_client = utf8 */;
CREATE TABLE `movie_genre` (
  `movie_id` int(11) NOT NULL,
  `genre_id` int(11) NOT NULL,
  PRIMARY KEY (`movie_id`,`genre_id`),
  KEY `IDX_FD1229648F93B6FC` (`movie_id`),
  KEY `IDX_FD1229644296D31F` (`genre_id`),
  CONSTRAINT `FK_FD1229644296D31F` FOREIGN KEY (`genre_id`) REFERENCES `genre` (`id`) ON DELETE CASCADE,
  CONSTRAINT `FK_FD1229648F93B6FC` FOREIGN KEY (`movie_id`) REFERENCES `movie` (`id`) ON DELETE CASCADE
) ENGINE=InnoDB DEFAULT CHARSET=utf8mb4 COLLATE=utf8mb4_unicode_ci;
/*!40101 SET character_set_client = @saved_cs_client */;

--
-- Dumping data for table `movie_genre`
--

LOCK TABLES `movie_genre` WRITE;
/*!40000 ALTER TABLE `movie_genre` DISABLE KEYS */;
INSERT INTO `movie_genre` VALUES
(84,115),
(84,120),
(85,114),
(85,120),
(86,105),
(86,117),
(87,110),
(87,115),
(87,116),
(87,117),
(88,109),
(88,114),
(88,119),
(89,105),
(89,113),
(90,106),
(90,108),
(91,107),
(91,108),
(92,109),
(92,117),
(92,120),
(93,103),
(93,111),
(94,102),
(94,108),
(95,103),
(95,118),
(96,106),
(96,108),
(97,104),
(97,110),
(97,115),
(97,117),
(98,104),
(98,114),
(99,114),
(99,116),
(100,103),
(100,108),
(100,116),
(101,111),
(101,114),
(102,103),
(102,119),
(103,105),
(103,108),
(104,106),
(104,113),
(105,112),
(105,113),
(105,119),
(106,114),
(107,106),
(107,108),
(107,111),
(108,108),
(108,111),
(108,113),
(109,113),
(109,117),
(109,119),
(110,101),
(110,107),
(110,120),
(111,104),
(111,117),
(112,103),
(112,114),
(113,110),
(113,112),
(113,119),
(114,112),
(114,113),
(114,114),
(115,115),
(115,117),
(116,110),
(117,105),
(117,113),
(117,119),
(118,110),
(118,111),
(119,102),
(119,109),
(119,114),
(119,117),
(120,105),
(120,110),
(120,120),
(121,109),
(121,111),
(122,104),
(122,117),
(123,103),
(123,114),
(123,115),
(127,101),
(127,108),
(127,109),
(127,111),
(127,117),
(127,119),
(127,120),
(128,102),
(128,103),
(128,104),
(128,106),
(128,107),
(128,110),
(128,111),
(128,113),
(128,115),
(128,117),
(128,118),
(128,121);
/*!40000 ALTER TABLE `movie_genre` ENABLE KEYS */;
UNLOCK TABLES;

--
-- Table structure for table `person`
--

DROP TABLE IF EXISTS `person`;
/*!40101 SET @saved_cs_client     = @@character_set_client */;
/*!40101 SET character_set_client = utf8 */;
CREATE TABLE `person` (
  `id` int(11) NOT NULL AUTO_INCREMENT,
  `firstname` varchar(100) NOT NULL,
  `lastname` varchar(100) NOT NULL,
  PRIMARY KEY (`id`)
) ENGINE=InnoDB AUTO_INCREMENT=601 DEFAULT CHARSET=utf8mb4 COLLATE=utf8mb4_unicode_ci;
/*!40101 SET character_set_client = @saved_cs_client */;

--
-- Dumping data for table `person`
--

LOCK TABLES `person` WRITE;
/*!40000 ALTER TABLE `person` DISABLE KEYS */;
INSERT INTO `person` VALUES
(501,'Anastasie','Garcia'),
(502,'Timothée','Dupuis'),
(503,'Émilie','Perrier'),
(504,'François','Bourdon'),
(505,'Olivier','Meunier'),
(506,'Thierry','Guerin'),
(507,'Alex','Guillou'),
(508,'Clémence','Morvan'),
(509,'Guillaume','Benoit'),
(510,'Diane','Louis'),
(511,'Olivie','Berthelot'),
(512,'Virginie','Lopes'),
(513,'Nath','Delahaye'),
(514,'Noël','Maurice'),
(515,'Christine','Turpin'),
(516,'Nicolas','Lucas'),
(517,'Claudine','Vasseur'),
(518,'Margaret','Leconte'),
(519,'Hélène','Faure'),
(520,'Corinne','Leconte'),
(521,'Susan','Chretien'),
(522,'Olivier','Carpentier'),
(523,'Tristan','De Oliveira'),
(524,'Anastasie','Buisson'),
(525,'Éric','Bouvet'),
(526,'Raymond','Antoine'),
(527,'Valérie','Collin'),
(528,'Aimé','Letellier'),
(529,'Joseph','Lagarde'),
(530,'Roger','Camus'),
(531,'Aurore','Dupuis'),
(532,'Noémi','Samson'),
(533,'Jérôme','Clement'),
(534,'Gabrielle','Lecoq'),
(535,'Andrée','Arnaud'),
(536,'Noémi','Marechal'),
(537,'Diane','Mathieu'),
(538,'Martin','Levy'),
(539,'Thibault','Begue'),
(540,'Sébastien','Da Silva'),
(541,'Matthieu','Valentin'),
(542,'Catherine','Klein'),
(543,'Auguste','Guyot'),
(544,'Capucine','Bertin'),
(545,'Caroline','Mathieu'),
(546,'Guy','Clement'),
(547,'Sylvie','Weiss'),
(548,'Michelle','Voisin'),
(549,'Amélie','Albert'),
(550,'Andrée','Pasquier'),
(551,'Adélaïde','Laine'),
(552,'Margaret','Laroche'),
(553,'Tristan','Masse'),
(554,'Luc','Pereira'),
(555,'Anaïs','Robert'),
(556,'Isaac','Deschamps'),
(557,'Alfred','Royer'),
(558,'Louis','Vallet'),
(559,'Augustin','Aubert'),
(560,'Olivie','Brun'),
(561,'Clémence','Legros'),
(562,'Patricia','Bonnin'),
(563,'Noémi','Guillou'),
(564,'André','Poulain'),
(565,'Geneviève','Breton'),
(566,'Gérard','Girard'),
(567,'Josette','Julien'),
(568,'Camille','Lefebvre'),
(569,'Pierre','Thomas'),
(570,'Auguste','Adam'),
(571,'Anouk','Fournier'),
(572,'Jacqueline','Guyon'),
(573,'Alphonse','Charles'),
(574,'Laurence','Turpin'),
(575,'Rémy','Bernard'),
(576,'Susanne','Lecoq'),
(577,'René','Laporte'),
(578,'Jules','Pinto'),
(579,'Véronique','Cohen'),
(580,'Susanne','Buisson'),
(581,'Jeannine','Delahaye'),
(582,'Julien','Roche'),
(583,'Benjamin','Mallet'),
(584,'Alix','Lelievre'),
(585,'Alfred','Meunier'),
(586,'Margaud','Arnaud'),
(587,'Amélie','Bailly'),
(588,'Christophe','Tanguy'),
(589,'Susan','Dijoux'),
(590,'Benoît','Guichard'),
(591,'Michelle','Bruneau'),
(592,'Élise','Payet'),
(593,'Alexandre','Durand'),
(594,'Julie','Navarro'),
(595,'Frédéric','Descamps'),
(596,'Dorothée','Leroy'),
(597,'Marc','Lacroix'),
(598,'Julie','Descamps'),
(599,'Alexandrie','Muller'),
(600,'Henriette','Picard');
/*!40000 ALTER TABLE `person` ENABLE KEYS */;
UNLOCK TABLES;

--
-- Table structure for table `review`
--

DROP TABLE IF EXISTS `review`;
/*!40101 SET @saved_cs_client     = @@character_set_client */;
/*!40101 SET character_set_client = utf8 */;
CREATE TABLE `review` (
  `id` int(11) NOT NULL AUTO_INCREMENT,
  `movie_id` int(11) NOT NULL,
  `username` varchar(50) NOT NULL,
  `email` varchar(255) NOT NULL,
  `content` longtext NOT NULL,
  `rating` double NOT NULL,
  `reaction` longtext NOT NULL COMMENT '(DC2Type:json)',
  `watched_at` datetime NOT NULL COMMENT '(DC2Type:datetime_immutable)',
  `published_at` datetime DEFAULT NULL,
  PRIMARY KEY (`id`),
  KEY `IDX_794381C68F93B6FC` (`movie_id`),
  CONSTRAINT `FK_794381C68F93B6FC` FOREIGN KEY (`movie_id`) REFERENCES `movie` (`id`)
) ENGINE=InnoDB AUTO_INCREMENT=464 DEFAULT CHARSET=utf8mb4 COLLATE=utf8mb4_unicode_ci;
/*!40101 SET character_set_client = @saved_cs_client */;

--
-- Dumping data for table `review`
--

LOCK TABLES `review` WRITE;
/*!40000 ALTER TABLE `review` DISABLE KEYS */;
INSERT INTO `review` VALUES
(313,84,'barbier.diane','verdier.sabine@noos.fr','Sed repellat architecto totam voluptatum possimus commodi vitae. Dolor nobis sed maxime animi. Minima suscipit deleniti dolores dolores illum.',1,'[\"R\\u00e9fl\\u00e9chir\"]','1977-03-09 07:24:59',NULL),
(314,84,'odette96','auguste.ramos@yahoo.fr','Ipsam facere perspiciatis vero itaque officiis culpa. Qui unde est aliquid. Et aliquam voluptatem molestiae cumque in. Magni a facere sed minus quod reprehenderit.',4,'[\"Dormir\"]','1989-03-04 13:43:21',NULL),
(315,84,'mace.benjamin','paulette98@sfr.fr','Excepturi et tempore veritatis saepe. Eos iure quisquam in cupiditate sunt. Consequatur aut nisi architecto aliquam. Fugit voluptatibus accusantium et et omnis exercitationem.',5,'[\"Rire\"]','2020-01-19 04:15:14',NULL),
(316,84,'julien.guyot','gonzalez.madeleine@club-internet.fr','Blanditiis suscipit error asperiores. Dolor et et quae molestiae velit nihil necessitatibus repellendus. Adipisci perspiciatis perspiciatis exercitationem aut.',5,'[\"Pleurer\",\"R\\u00eaver\",\"Rire\",\"Dormir\"]','1990-09-14 03:35:01',NULL),
(317,84,'margot21','philippe51@laposte.net','Odit similique velit harum voluptas cupiditate omnis. Voluptas optio nemo et nesciunt quae nisi ut alias. Doloribus enim expedita qui quidem. Qui delectus at beatae quo explicabo molestiae sed.',5,'[\"Dormir\",\"R\\u00e9fl\\u00e9chir\",\"Rire\",\"Pleurer\"]','1996-09-30 01:52:31',NULL),
(318,85,'colette40','colette75@gmail.com','Quia a illum consequuntur tempora. Rerum ut nemo dolor nesciunt qui maxime. Quia fugit nulla non. Odio accusantium cum cupiditate veritatis aut dolorum. Alias consectetur sed libero necessitatibus et culpa.',4,'[\"Rire\",\"R\\u00e9fl\\u00e9chir\"]','2014-01-27 04:37:21',NULL),
(319,85,'edouard.richard','bdeschamps@boucher.fr','Quam repellendus qui sapiente. Dolor et illo sunt tempore qui consequatur non harum. Aut facere molestiae omnis impedit at consectetur consectetur. Cum laboriosam et in quo ad culpa.',1,'[\"Pleurer\",\"R\\u00eaver\",\"Rire\",\"Dormir\",\"R\\u00e9fl\\u00e9chir\"]','2007-11-13 23:41:47',NULL),
(320,85,'catherine.leger','thoarau@gmail.com','Voluptates ut et eum. Tempore est iusto quae omnis accusantium aliquid.',5,'[\"Dormir\",\"R\\u00e9fl\\u00e9chir\",\"Pleurer\"]','2022-04-05 19:10:45',NULL),
(321,86,'etienne.martinez','muller.augustin@rousset.com','Quo consequatur sit quia repellendus. Iusto odit recusandae repudiandae occaecati laudantium nulla omnis. Velit minima dolores maiores dolores eaque esse facere.',2,'[\"R\\u00e9fl\\u00e9chir\",\"R\\u00eaver\"]','2022-01-05 04:53:27',NULL),
(322,86,'anne87','barbier.margot@live.com','Debitis et dolorum quas provident ut. Ducimus sed vel ut modi consequuntur et. Provident suscipit quis explicabo soluta facere. Tempore ut autem quo molestiae tenetur.',1,'[\"R\\u00eaver\",\"R\\u00e9fl\\u00e9chir\",\"Dormir\",\"Pleurer\"]','2003-07-09 20:34:35',NULL),
(323,86,'bbertin','jerome.delahaye@free.fr','Qui molestias in dolorem in error sint sint. Vitae laborum dolores quisquam provident fugiat. Ut nihil nostrum odio officiis. Et alias est sunt in.',1,'[\"Rire\",\"R\\u00eaver\"]','2007-08-04 01:12:53',NULL),
(324,86,'daniel81','zboulay@leger.fr','Autem quaerat ut sint delectus ut impedit. Rem consequatur veritatis nihil voluptatem aliquid consectetur. Ipsum et atque sequi dolorum tenetur eveniet sunt libero. Expedita at odit et incidunt sed.',2,'[\"R\\u00e9fl\\u00e9chir\",\"Pleurer\",\"Rire\",\"R\\u00eaver\",\"Dormir\"]','1978-11-18 05:35:17',NULL),
(325,87,'andre.bodin','lpoirier@free.fr','Aut blanditiis quo accusantium voluptas sed ullam. Doloremque aliquam ratione illum. Ut sed unde sequi iusto dolore necessitatibus qui temporibus. Unde modi quia repellat nesciunt deserunt iste.',2,'[\"Dormir\"]','1976-01-26 05:21:36',NULL),
(326,87,'pierre.boyer','pinto.franck@poirier.com','Aspernatur debitis voluptatibus tempore. Nobis illo rerum dicta molestiae qui repudiandae.',5,'[\"Dormir\",\"Rire\",\"R\\u00e9fl\\u00e9chir\",\"Pleurer\",\"R\\u00eaver\"]','1999-01-02 05:38:13',NULL),
(327,87,'martin.emilie','wchauveau@riviere.fr','Ducimus saepe laboriosam inventore autem. Ratione tempore quisquam sunt sint. Ipsam eius molestias et ut et voluptates eligendi. Non est sit at ducimus dolorem.',2,'[\"Dormir\"]','2009-06-08 21:30:22',NULL),
(328,88,'jaubry','thibault32@lebreton.org','Impedit qui in minus doloribus. Maxime ducimus rerum molestiae molestiae recusandae qui debitis. Doloremque modi et architecto. Vel soluta dolorem sed maxime eum natus.',4,'[\"R\\u00eaver\",\"Rire\",\"Pleurer\",\"R\\u00e9fl\\u00e9chir\"]','1995-09-06 23:23:00',NULL),
(329,88,'isaac.maurice','agros@gmail.com','Ab ipsum omnis quam ipsam. Cupiditate ut consequatur iste labore neque ut. Voluptates suscipit quia non aut voluptates molestias. Dolor nostrum fugiat vel nemo qui.',1,'[\"Rire\",\"Pleurer\",\"R\\u00e9fl\\u00e9chir\",\"Dormir\"]','2023-02-16 08:44:31',NULL),
(330,88,'marthe.weiss','roger.deoliveira@laposte.net','Aut ea dolore reprehenderit ut hic architecto asperiores aspernatur. Labore labore ea eius id. Velit dolor dolorem sapiente dolor sit voluptas. Ab dolor id nisi.',1,'[\"Dormir\",\"R\\u00e9fl\\u00e9chir\",\"Pleurer\"]','2016-01-19 20:06:00',NULL),
(331,88,'capucine54','lvidal@gallet.com','Qui ea quae ipsum ut voluptas. Ut animi harum minus recusandae qui. Illo eum deserunt est et. Laboriosam autem qui vel nemo.',3,'[\"R\\u00eaver\",\"Rire\",\"Pleurer\",\"R\\u00e9fl\\u00e9chir\"]','2008-11-10 18:43:42',NULL),
(332,89,'pruvost.jean','xbarbe@hotmail.fr','Voluptates ducimus quaerat voluptas. Laboriosam necessitatibus et quo porro. Reiciendis eos labore quae dolorem qui consectetur. Qui alias necessitatibus ut.',5,'[\"R\\u00e9fl\\u00e9chir\",\"Dormir\",\"R\\u00eaver\",\"Pleurer\"]','2002-09-04 03:25:19',NULL),
(333,89,'raymond.clemence','benjamin.morin@boulay.fr','Qui doloribus ut recusandae error consequuntur alias quia. Voluptas officiis quo doloremque rerum. Aspernatur dolore asperiores eos qui. Inventore officiis occaecati est ducimus pariatur in.',5,'[\"Pleurer\",\"Rire\"]','1999-06-28 03:31:34',NULL),
(334,89,'tfouquet','charles80@dias.org','Dolore voluptas nihil esse cumque pariatur atque doloremque aut. Saepe in quo sit est dolorem tempore mollitia. Esse omnis consequatur deserunt velit amet.',2,'[\"Rire\",\"R\\u00eaver\",\"R\\u00e9fl\\u00e9chir\",\"Dormir\"]','1999-04-19 19:38:43',NULL),
(335,90,'hguyon','paul.dupuy@ruiz.org','Incidunt inventore sed labore. Porro molestiae voluptatem totam ut. Et maxime provident ut error perspiciatis qui.',2,'[\"R\\u00eaver\",\"Pleurer\",\"R\\u00e9fl\\u00e9chir\",\"Rire\",\"Dormir\"]','1988-02-07 02:42:00',NULL),
(336,90,'fournier.thierry','smoreno@vallee.com','Qui mollitia assumenda pariatur iste nihil eius enim. Nam repudiandae pariatur et. Et minus dolor dolorem nisi. Aut porro modi laborum voluptatem sunt ad.',5,'[\"Dormir\",\"Rire\",\"R\\u00eaver\",\"Pleurer\"]','1987-05-11 06:10:16',NULL),
(337,90,'claude.alexandre','xavier.pinto@lejeune.fr','Consectetur provident id ipsa. Nisi aliquam eveniet ratione odio qui nostrum animi. Qui animi ad facere consequatur omnis inventore.',5,'[\"R\\u00e9fl\\u00e9chir\",\"Dormir\",\"Rire\"]','1972-06-11 11:06:16',NULL),
(338,90,'fraynaud','jacqueline.bigot@renard.fr','Sint fugiat ut omnis saepe repellendus eos. Et expedita et quo mollitia sunt eveniet enim nisi. Ut aliquid rerum enim nihil sequi eos qui.',5,'[\"R\\u00eaver\"]','2014-05-19 11:54:20',NULL),
(339,91,'margaux.mary','kdubois@live.com','Odio consectetur inventore rerum cumque. Recusandae doloremque illo qui earum. A quisquam ullam reiciendis ullam expedita.',2,'[\"R\\u00e9fl\\u00e9chir\",\"Pleurer\",\"Rire\"]','1974-11-26 08:58:57',NULL),
(340,91,'eleonore01','nath76@noos.fr','Est occaecati sed et. Et aliquam hic quia sed dolor distinctio. Possimus enim nemo officia nesciunt.',1,'[\"R\\u00eaver\",\"Dormir\",\"Pleurer\"]','2012-09-22 13:42:12',NULL),
(341,91,'navarro.marianne','jean.gilbert@albert.fr','Autem nam delectus incidunt. Provident cupiditate aut quia a sed ab doloribus. Laboriosam eveniet sunt enim molestiae necessitatibus.',3,'[\"R\\u00e9fl\\u00e9chir\"]','1983-04-10 12:03:23',NULL),
(342,91,'claude80','etienne.henry@martineau.com','Ducimus dolor maiores excepturi provident dolorem nemo non. Ut accusantium voluptas dolorem non voluptates mollitia. Qui sint et culpa commodi et.',5,'[\"Pleurer\"]','2013-03-23 05:49:57',NULL),
(343,92,'gonzalez.gilbert','dijoux.louis@dbmail.com','Et ipsam tempora nobis quos omnis. Sit odio aut molestiae doloremque dolor dolor animi. Natus a et unde hic amet. Et illo eius dignissimos dolores dolor dolores.',5,'[\"Rire\",\"Pleurer\"]','1974-03-10 19:32:48',NULL),
(344,92,'laine.therese','antoine.legendre@chartier.com','Praesentium fugit temporibus harum et. Ab dolorum distinctio veritatis vel eius atque sed. Doloribus eaque libero consequatur facere reprehenderit blanditiis ducimus et. Sed est non est sed nemo dolorum expedita.',2,'[\"R\\u00eaver\",\"Pleurer\"]','1976-07-17 20:50:44',NULL),
(345,92,'lebon.gabrielle','dorothee60@wanadoo.fr','Aut et sit aut mollitia saepe magnam molestias. Laboriosam ex neque totam beatae. Est officia explicabo eligendi placeat id. Harum rerum distinctio et laboriosam debitis voluptate beatae. Voluptatum velit tempora atque deserunt animi ea voluptatem et.',4,'[\"R\\u00eaver\",\"Rire\",\"Dormir\",\"R\\u00e9fl\\u00e9chir\",\"Pleurer\"]','1994-04-23 18:57:03',NULL),
(346,93,'levy.frederique','marine.klein@laposte.net','Sed excepturi eos consequatur consequatur. Et commodi soluta dolor qui reiciendis quae enim. Mollitia distinctio sunt ducimus minus architecto error voluptas.',5,'[\"R\\u00eaver\",\"Dormir\"]','1987-02-19 08:06:21',NULL),
(347,93,'alexandria.guyon','xdiaz@richard.com','Et perspiciatis nesciunt qui. Sunt praesentium est at et ab at ipsam magni.',5,'[\"R\\u00eaver\",\"R\\u00e9fl\\u00e9chir\",\"Pleurer\"]','1987-11-18 10:39:38',NULL),
(348,93,'gros.roger','claude.allard@pasquier.fr','Exercitationem cum voluptas non ullam harum necessitatibus eum ut. Magni omnis et id et modi. Recusandae eum ab quas dolorem. Commodi tempore rerum qui odio dolorem. Dolores non suscipit blanditiis iste ipsam.',5,'[\"R\\u00eaver\",\"R\\u00e9fl\\u00e9chir\",\"Rire\",\"Pleurer\"]','2016-01-13 14:01:04',NULL),
(349,93,'stephane.fleury','pichon.ines@langlois.com','Quia neque quia sit omnis rerum. Et consequuntur officiis sint rem aut sapiente. Nulla cupiditate eum incidunt optio aut ut culpa. Nam laborum autem sapiente hic at quae at.',3,'[\"R\\u00e9fl\\u00e9chir\"]','2000-05-03 17:05:32',NULL),
(350,94,'uweiss','valerie.rodriguez@wanadoo.fr','Qui atque tempora cumque quia et itaque. In distinctio eos aut voluptatem voluptatem. Consequuntur ut rerum ipsam ut aut vero maiores. Non modi suscipit repudiandae molestiae.',1,'[\"R\\u00e9fl\\u00e9chir\"]','1976-10-24 18:54:40',NULL),
(351,94,'marchand.elise','marianne.rocher@gmail.com','Doloremque praesentium pariatur debitis ipsum vitae qui. Officia possimus maiores aperiam rerum id. Aperiam ut autem harum velit aut aut. Reprehenderit ipsam sit et quas fugit.',1,'[\"R\\u00eaver\",\"Rire\",\"Dormir\"]','2008-05-17 19:25:09',NULL),
(352,94,'ruiz.denise','bcarlier@hotmail.fr','Cum qui qui id sed necessitatibus sit corrupti. Voluptatem eius aliquam alias. Inventore fugiat asperiores tempora est velit similique est.',4,'[\"Pleurer\",\"R\\u00eaver\",\"R\\u00e9fl\\u00e9chir\",\"Rire\"]','1984-08-25 14:08:47',NULL),
(353,95,'julien53','sophie.boulay@live.com','Velit sed aspernatur et esse ullam ut explicabo aspernatur. Sit ullam repellendus suscipit est. Velit fugit consectetur consequatur eius ducimus doloribus accusamus. Velit expedita consequatur commodi hic eos praesentium nihil.',5,'[\"Rire\",\"Dormir\",\"R\\u00eaver\"]','1972-05-08 13:46:36',NULL),
(354,95,'edith60','moreau.paul@boucher.com','Soluta minima rerum in consequatur nesciunt cumque similique repudiandae. Odit soluta reprehenderit eum culpa sint. Temporibus ipsam et voluptatibus quis nihil iure. Ea et commodi consequatur veniam.',2,'[\"Rire\"]','1990-02-05 15:22:30',NULL),
(355,95,'xpottier','marcelle.blondel@tele2.fr','Rerum commodi nihil eos officiis quaerat ut amet. Ut repellat eveniet pariatur delectus. Dicta dicta temporibus possimus consequuntur. Id et aut doloremque quia.',5,'[\"R\\u00e9fl\\u00e9chir\",\"R\\u00eaver\",\"Rire\",\"Dormir\",\"Pleurer\"]','2016-11-05 07:42:04',NULL),
(356,95,'adrien99','ehamon@schneider.com','Tempore at quo officia qui sed. Aperiam et ratione repudiandae adipisci. Natus vel velit vero quam assumenda.',3,'[\"Pleurer\",\"Dormir\",\"R\\u00eaver\",\"Rire\"]','2021-07-29 14:00:29',NULL),
(357,96,'charlotte.bourdon','margot28@live.com','Sint nisi aperiam distinctio et facilis. Dolores aut eos voluptas. Nihil quasi sapiente amet.',3,'[\"Rire\",\"R\\u00eaver\",\"Pleurer\"]','1989-06-14 05:28:09',NULL),
(358,96,'tristan22','xlebreton@collet.fr','Modi quasi veritatis culpa modi. Est voluptatem deleniti id dolorum asperiores rerum.',3,'[\"R\\u00eaver\",\"Dormir\",\"R\\u00e9fl\\u00e9chir\",\"Rire\",\"Pleurer\"]','2005-09-24 07:05:54',NULL),
(359,96,'pierre44','boutin.astrid@gosselin.com','Iste repellendus cum officiis dicta asperiores voluptas officia. Maiores vel veritatis corporis officia. Quia ab velit in ut est dicta. Rem provident est ipsum veniam dolorum. Veniam porro quas et et animi.',4,'[\"Rire\"]','1991-07-17 09:53:56',NULL),
(360,96,'cmeunier','penelope.laurent@club-internet.fr','Occaecati fugit est ut ut ut accusamus beatae. Ea repellendus quia non. Et doloribus sit voluptatem culpa deleniti et et.',5,'[\"Rire\"]','2003-10-21 08:09:49',NULL),
(361,97,'jeannine38','noel.roche@nicolas.com','Libero eos in beatae inventore maiores ipsum necessitatibus. Excepturi et veniam quia. Esse molestiae ab expedita libero aut esse.',2,'[\"R\\u00eaver\"]','2015-11-24 13:40:04',NULL),
(362,97,'jeannine02','lebon.franck@dasilva.fr','Laborum sit voluptatum debitis nesciunt aliquid laboriosam distinctio. Rerum sunt velit est dicta eius. Explicabo et officiis cumque. Veritatis quisquam nam praesentium voluptas.',2,'[\"Rire\",\"R\\u00e9fl\\u00e9chir\",\"Pleurer\",\"Dormir\"]','1995-03-15 05:00:45',NULL),
(363,97,'pires.denise','charlotte23@barbier.fr','Eos iusto perspiciatis sit animi ducimus repellat laborum quia. Illo sit eveniet corporis aliquam. Officia quod quaerat odio ipsam corporis voluptatibus vero.',2,'[\"R\\u00e9fl\\u00e9chir\",\"R\\u00eaver\",\"Dormir\"]','2010-07-28 15:35:21',NULL),
(364,98,'schneider.isaac','elise04@noos.fr','Repellat enim quo voluptas perferendis. Consequuntur cupiditate nobis odit. Sunt veritatis occaecati nesciunt aut repudiandae illum accusamus.',3,'[\"Rire\",\"Pleurer\",\"R\\u00e9fl\\u00e9chir\",\"Dormir\"]','1986-03-23 07:38:50',NULL),
(365,98,'barthelemy.aimee','dupont.olivier@julien.org','Qui est iure cupiditate autem. Beatae quia pariatur vitae ipsum maiores. Voluptatem aspernatur dolores quae et aut. Quia voluptates beatae corrupti fugiat.',4,'[\"Dormir\",\"Pleurer\",\"R\\u00eaver\"]','1981-07-06 01:32:54',NULL),
(366,98,'masse.victoire','danielle.martinez@hotmail.fr','Impedit hic vel omnis magni voluptatibus qui nam. Nesciunt autem itaque ex voluptas quis commodi. Cupiditate occaecati praesentium est rem voluptas consequatur. Unde quia occaecati accusantium nihil laborum.',1,'[\"Dormir\",\"Rire\",\"R\\u00e9fl\\u00e9chir\",\"R\\u00eaver\"]','2003-06-06 20:37:07',NULL),
(367,99,'margot.leger','mrossi@orange.fr','Omnis est saepe non eveniet doloribus. Quia tempora veniam sequi dolorem. Non et est explicabo ut necessitatibus quam ipsum officia. Nostrum nostrum atque facere nemo hic nihil nihil.',4,'[\"Rire\",\"Dormir\",\"Pleurer\",\"R\\u00eaver\"]','2005-09-21 20:57:16',NULL),
(368,99,'echartier','gilbert78@salmon.fr','Occaecati dolores quae enim ut et laboriosam. Sed sit hic tenetur amet assumenda. Reiciendis ut nam autem eum quia possimus ea. Est sit et iste ex unde et dolores iure.',5,'[\"R\\u00e9fl\\u00e9chir\"]','1971-11-22 22:14:03',NULL),
(369,99,'bouvet.maggie','agnes.perrot@tele2.fr','In rerum enim aut ut omnis. Facere aperiam ab architecto rem. Laboriosam laborum quos nam itaque.',1,'[\"Dormir\"]','1974-03-31 11:56:32',NULL),
(370,99,'odette.techer','pereira.danielle@girard.com','Qui sint dolore facilis nam. Magnam deserunt sed doloribus rerum optio est. Animi voluptatem iste earum quis quaerat.',4,'[\"Pleurer\",\"R\\u00eaver\"]','1988-02-21 02:05:46',NULL),
(371,99,'guichard.marc','audrey.lagarde@pascal.fr','Explicabo quia magnam enim voluptas illum quod illo est. Aut quos ducimus in est est quibusdam. Nisi voluptatem accusamus quidem aut. Molestiae enim ea perspiciatis ipsam in autem et unde.',5,'[\"R\\u00e9fl\\u00e9chir\"]','2011-05-07 16:53:53',NULL),
(372,100,'aime52','zpires@yahoo.fr','Magnam molestias qui assumenda provident expedita pariatur. Voluptates recusandae ea ut. Porro non dicta quidem dignissimos alias.',1,'[\"Rire\",\"Pleurer\",\"Dormir\",\"R\\u00eaver\",\"R\\u00e9fl\\u00e9chir\"]','1995-12-17 12:34:43',NULL),
(373,100,'benoit.francois','guichard.alex@hernandez.net','Libero exercitationem sequi nemo doloremque nisi blanditiis. Omnis consequatur nulla id aut rerum corrupti consequatur. Consectetur ab explicabo alias.',2,'[\"Dormir\",\"Pleurer\"]','2005-07-26 03:41:48',NULL),
(374,100,'chevalier.agathe','emmanuelle.guillon@rodrigues.fr','Eaque distinctio nisi voluptas ex dolores. Id eum dolore consequatur dolorem.',3,'[\"Dormir\",\"Pleurer\"]','2022-12-12 15:08:16',NULL),
(375,100,'eugene60','wlambert@grenier.net','Dolore ullam commodi porro aperiam omnis ut quaerat. Expedita itaque aliquam quo voluptate laboriosam quaerat ad. Repellat libero omnis necessitatibus quam. Nostrum vel nihil atque consequatur.',5,'[\"Rire\"]','2019-03-08 21:48:57',NULL),
(376,100,'rodrigues.bertrand','nmorin@gmail.com','In odio sed sit et dolor eos incidunt. Dolores similique nobis porro voluptates vel voluptas debitis. Enim sapiente consequatur quos illum dolores mollitia magnam.',2,'[\"Pleurer\"]','1980-09-27 23:16:17',NULL),
(377,101,'wgallet','jacques.berthelot@coste.org','Quas illum laudantium qui modi est est omnis. Qui harum quo et voluptate. Sunt accusantium porro est laudantium minus sit.',2,'[\"Pleurer\"]','2001-04-11 06:37:46',NULL),
(378,101,'epotier','celine14@hotmail.fr','Dolorum excepturi nostrum aperiam suscipit harum atque dolorem libero. Repellendus quisquam et fugit dolor voluptas ipsam voluptate. Explicabo dolore nam deleniti aut. Voluptatem ut sunt accusamus at perferendis. Labore et quia autem aut eius.',4,'[\"R\\u00e9fl\\u00e9chir\",\"Dormir\",\"Rire\",\"Pleurer\"]','2009-11-27 23:31:21',NULL),
(379,101,'helene59','moreno.emmanuel@live.com','Quo non rerum reiciendis deleniti. Ipsam non rerum esse non. Et tenetur minima dolores sed aut nostrum sunt eos. Labore quae quia qui est rerum.',1,'[\"R\\u00eaver\"]','1986-02-28 16:06:47',NULL),
(380,101,'marechal.julie','robert.chevalier@laposte.net','Similique fugit sint placeat ut ab omnis alias et. Non cum suscipit et iusto aliquam rem. Et officiis et deleniti recusandae velit amet.',5,'[\"Rire\",\"R\\u00e9fl\\u00e9chir\",\"R\\u00eaver\"]','1996-10-26 07:23:02',NULL),
(381,101,'emilie.humbert','luce.dupre@yahoo.fr','Omnis rerum voluptas voluptatem consequatur assumenda ad harum. Perferendis qui eum nobis labore maiores in. Porro minus nihil veniam facilis voluptatem et. A expedita doloribus illum.',3,'[\"Pleurer\"]','1978-08-03 07:22:08',NULL),
(382,102,'sylvie71','honore12@free.fr','Cumque magnam quas eveniet similique quo. Sint rerum aut aut aperiam sint occaecati at. Reprehenderit officia est distinctio iste.',4,'[\"Rire\"]','2023-02-26 18:00:58',NULL),
(383,102,'hamel.theophile','allain.martin@orange.fr','Optio temporibus dolores in ex veritatis. Voluptatem illo qui perspiciatis commodi est earum sed. Deleniti et qui iure voluptatem veritatis amet aliquam. Et non corporis dolorum distinctio consequatur praesentium.',5,'[\"Pleurer\",\"R\\u00eaver\",\"Rire\"]','2005-01-13 12:46:24',NULL),
(384,102,'sebastien.lacroix','hortense.jourdan@hotmail.fr','Saepe et et rerum ducimus ut. Quia consequuntur et veritatis in voluptas qui. Sapiente rem voluptas quis hic vero cum ipsam.',2,'[\"R\\u00eaver\",\"Pleurer\",\"Rire\"]','1985-08-05 08:14:52',NULL),
(385,103,'ddescamps','dlelievre@wanadoo.fr','Dolor molestiae sed aut. Quia nemo molestias eos beatae.',4,'[\"Dormir\",\"R\\u00e9fl\\u00e9chir\"]','1996-09-01 14:06:19',NULL),
(386,103,'mroche','mathilde43@dbmail.com','Ea dicta qui esse voluptatem iste illum. Perferendis voluptates itaque corrupti id perferendis. Excepturi quisquam porro nihil consequatur quis maxime veritatis sed.',5,'[\"R\\u00e9fl\\u00e9chir\"]','2003-08-31 09:01:30',NULL),
(387,103,'guy.mahe','guilbert.patrick@wanadoo.fr','Nemo perspiciatis nisi deleniti nisi officia consequuntur. Minus consectetur commodi vitae. Eaque non maxime et earum qui quis non. Et occaecati et ut ut enim voluptas saepe.',5,'[\"Dormir\"]','1983-01-24 11:26:00',NULL),
(388,103,'georges.marechal','hernandez.gilles@club-internet.fr','Aut reprehenderit saepe assumenda rerum possimus. Ea veniam eum aliquid ullam ducimus illo necessitatibus totam. Officiis praesentium adipisci cumque tempora consequatur sed aut.',1,'[\"R\\u00e9fl\\u00e9chir\",\"Dormir\",\"Rire\"]','1987-12-07 09:08:41',NULL),
(389,104,'cohen.marcel','acouturier@briand.fr','Quisquam veniam accusamus qui sint a quaerat possimus sint. Nesciunt eos id omnis quod voluptas optio soluta. Dolorum excepturi asperiores dolor non delectus. Quae id nam et neque voluptas quisquam rerum.',2,'[\"R\\u00e9fl\\u00e9chir\"]','1971-02-11 06:50:15',NULL),
(390,104,'marcelle.renault','emile.lebreton@hotmail.fr','Non et nihil iusto eveniet. Recusandae tempora at ullam quae eius.',1,'[\"Rire\",\"Pleurer\",\"R\\u00e9fl\\u00e9chir\"]','2003-08-13 13:51:27',NULL),
(391,104,'sabine08','cbecker@bonnin.com','Nesciunt placeat at possimus ratione quia molestias rerum. Omnis ipsam suscipit natus et nisi. Unde alias animi consectetur incidunt.',3,'[\"R\\u00e9fl\\u00e9chir\",\"Pleurer\",\"R\\u00eaver\",\"Rire\"]','1974-02-18 14:56:50',NULL),
(392,105,'margaux18','victor01@orange.fr','Expedita eum nostrum provident. Ut rerum eum earum ut tempora expedita est.',3,'[\"Pleurer\",\"Dormir\",\"R\\u00eaver\"]','1995-12-29 21:09:26',NULL),
(393,105,'elouis','henry.denise@chauvin.com','Inventore aut tempora esse ut aut. Exercitationem quis nemo aut. Sit et non et. Et velit eos velit esse laboriosam in.',4,'[\"R\\u00eaver\",\"R\\u00e9fl\\u00e9chir\",\"Pleurer\",\"Rire\"]','1972-11-17 16:26:28',NULL),
(394,105,'david64','adubois@faivre.org','Voluptatem nobis ut harum qui possimus aut doloremque. Beatae labore aut enim aut doloribus quia. Sapiente rem ipsam alias laudantium dolor voluptas dolor qui.',5,'[\"R\\u00eaver\"]','2001-04-01 13:51:49',NULL),
(395,105,'julien.durand','lguillaume@dasilva.com','Veniam sed sed ipsum cumque est qui voluptates. Ad rerum voluptas deserunt libero. Ratione non unde illo autem nihil quidem laudantium et. Consequatur tempora id voluptatem rerum et labore.',4,'[\"R\\u00eaver\",\"Pleurer\",\"Dormir\",\"Rire\",\"R\\u00e9fl\\u00e9chir\"]','1987-05-17 15:52:53',NULL),
(396,105,'thibaut.legendre','roland52@gmail.com','Quam quam animi porro debitis assumenda reiciendis similique quisquam. Non eum placeat ut vel non. Libero pariatur dicta quidem in error molestiae aut dolorum. Assumenda corporis qui mollitia vero accusantium id deserunt.',2,'[\"R\\u00eaver\",\"Dormir\",\"Pleurer\",\"R\\u00e9fl\\u00e9chir\",\"Rire\"]','2004-06-03 20:27:45',NULL),
(397,106,'aurelie27','gaudin.cecile@langlois.com','Nemo et facilis quas et harum soluta. Consectetur magni sit sequi repudiandae. Corporis architecto iste dolores.',5,'[\"R\\u00e9fl\\u00e9chir\",\"Rire\",\"R\\u00eaver\",\"Dormir\"]','1990-03-05 05:33:54',NULL),
(398,106,'philippe72','germain.christiane@olivier.com','Assumenda autem sit quo excepturi asperiores sit consequatur. Rem assumenda illum perferendis reprehenderit et at ut. Aliquam esse enim quia et.',4,'[\"R\\u00e9fl\\u00e9chir\"]','2017-06-18 20:35:25',NULL),
(399,106,'joseph.legros','adelaide44@lombard.fr','Aut voluptas omnis voluptatem qui magni. Corrupti doloribus ut repellat ab earum illo dolores. Ducimus et quo officiis libero consequatur corporis sunt.',1,'[\"R\\u00eaver\",\"Pleurer\",\"R\\u00e9fl\\u00e9chir\",\"Rire\"]','1998-03-30 12:16:20',NULL),
(400,106,'philippine.voisin','dorothee94@boulay.fr','Debitis nobis vel sit. Rem fugit sunt delectus ratione quaerat rerum. Hic est autem enim accusantium.',4,'[\"R\\u00eaver\",\"Dormir\",\"Pleurer\"]','2014-10-18 19:22:04',NULL),
(401,107,'colas.jerome','renault.luc@club-internet.fr','Sit quod debitis exercitationem quia molestiae. Et laboriosam dolor voluptas hic. Illo porro numquam ipsum dicta et. In voluptatibus ullam esse modi nobis nobis.',3,'[\"Rire\"]','2002-10-19 21:28:03',NULL),
(402,107,'nguillou','aurore.rousset@yahoo.fr','Iusto repellendus distinctio aperiam eum. Necessitatibus nesciunt quasi tempore sint earum ut ullam.',1,'[\"R\\u00e9fl\\u00e9chir\"]','1977-12-16 16:15:10',NULL),
(403,107,'sdufour','joseph.petit@laposte.net','Eligendi officiis neque id totam. Nesciunt voluptatem aliquam incidunt alias animi eos voluptatem et. Perferendis sunt veritatis earum maiores architecto molestiae. Quae perferendis voluptatem corrupti similique.',5,'[\"R\\u00eaver\",\"Pleurer\",\"Dormir\"]','1985-07-14 09:32:07',NULL),
(404,107,'smasson','joseph.humbert@perrier.com','Ipsum et magnam eius voluptatum inventore nam iure. Voluptatibus vel molestiae quo omnis. Ab est autem repellendus enim. Neque et rerum laudantium laborum error. Aut eos maxime alias totam quos dolores.',2,'[\"Dormir\",\"Pleurer\",\"R\\u00eaver\",\"Rire\"]','2004-08-12 17:50:17',NULL),
(405,107,'paulette91','veronique16@baudry.fr','Asperiores laborum et quos enim aut excepturi ut consequatur. Excepturi eaque dignissimos maiores asperiores voluptatem. Aut ullam sed praesentium hic autem tempora fugiat.',3,'[\"Pleurer\",\"R\\u00eaver\"]','1989-05-25 04:09:13',NULL),
(406,108,'victor.besson','uvasseur@neveu.com','Assumenda ut non quis quidem. Ex ab quia autem. Quis illo aperiam aut officia fugit et molestiae. Est dolore molestiae vel quod ea nihil.',1,'[\"R\\u00eaver\",\"Dormir\"]','1997-06-28 23:39:14',NULL),
(407,108,'bernard.guerin','suzanne28@free.fr','Commodi dolores ut mollitia sed delectus dolorem ut. Dolorum placeat est suscipit totam. Beatae harum dicta fugit.',3,'[\"R\\u00eaver\",\"Pleurer\",\"Rire\",\"R\\u00e9fl\\u00e9chir\"]','1992-11-28 22:00:43',NULL),
(408,108,'hlopez','lucie.morvan@live.com','Quos dolor et libero qui magnam. Eligendi error sint consectetur quibusdam. Accusantium qui dicta odio eligendi sapiente nihil. Consequatur ipsum minus aliquam magni.',2,'[\"R\\u00eaver\",\"Rire\",\"Pleurer\"]','2001-03-23 11:05:53',NULL),
(409,109,'robert79','michele26@free.fr','Tenetur ut ut consequuntur perspiciatis molestiae autem officia. Pariatur animi fugiat qui provident ab id rem. Consequatur animi qui dolorem voluptate voluptate quas nesciunt.',4,'[\"Dormir\"]','1989-05-06 19:44:22',NULL),
(410,109,'richard51','urousseau@maillot.fr','Voluptatem laborum pariatur voluptas rerum velit. At dicta nostrum ullam commodi ducimus. Provident voluptatibus rerum omnis deserunt qui. Possimus nisi debitis natus sunt optio laborum.',1,'[\"Rire\",\"R\\u00eaver\",\"Pleurer\",\"R\\u00e9fl\\u00e9chir\",\"Dormir\"]','1997-03-10 00:25:58',NULL),
(411,109,'jean93','mcordier@loiseau.net','Est voluptas inventore aut nemo est. Magnam quam quia optio dolores impedit molestiae rerum. Exercitationem eveniet error ut itaque ipsa eligendi. Eum omnis architecto a unde placeat quibusdam.',5,'[\"Rire\",\"Dormir\",\"R\\u00eaver\",\"Pleurer\",\"R\\u00e9fl\\u00e9chir\"]','1979-11-08 05:27:19',NULL),
(412,109,'michelle.dupuy','alexandre.colas@arnaud.fr','Incidunt velit quibusdam voluptatum et dolor voluptatem quo. Ea dolore et quia molestiae pariatur sit dicta. Quia voluptatem numquam voluptates voluptatibus.',4,'[\"R\\u00e9fl\\u00e9chir\",\"Rire\",\"Pleurer\",\"Dormir\",\"R\\u00eaver\"]','1997-02-19 08:14:25',NULL),
(413,110,'oleleu','meyer.antoine@dbmail.com','Ratione error incidunt est alias nam. Id asperiores odit rem perferendis magni voluptas. Voluptatum nihil molestias voluptatem consequuntur rerum.',5,'[\"Pleurer\"]','1980-02-27 04:53:03',NULL),
(414,110,'emmanuelle89','maryse.leclercq@dbmail.com','Accusantium ea laborum provident id rem sapiente harum. Nisi accusamus itaque est et. Ea ea nihil totam.',2,'[\"Rire\",\"Dormir\",\"Pleurer\",\"R\\u00e9fl\\u00e9chir\"]','1979-03-31 00:27:56',NULL),
(415,110,'adrien25','lecoq.thibault@sfr.fr','Laboriosam est quia dolorum eligendi voluptatem et. Commodi labore voluptatem unde ut esse. Voluptate non est atque quia nam iste a rem.',1,'[\"Dormir\",\"R\\u00e9fl\\u00e9chir\"]','1995-01-18 22:34:16',NULL),
(416,110,'xboutin','carpentier.david@free.fr','Suscipit a et in delectus quibusdam nulla perspiciatis. In fuga et labore in. Numquam sed in totam atque et eum. Eos illo natus omnis et officia sed.',2,'[\"Dormir\",\"R\\u00eaver\",\"Pleurer\"]','2013-04-21 08:49:16',NULL),
(417,111,'drodriguez','vincent.fabre@berger.com','Omnis ea ut ut asperiores corrupti. Quidem facere praesentium inventore ea aliquam. Dignissimos aut in soluta omnis atque et autem. Eveniet rerum eum est harum.',5,'[\"R\\u00eaver\",\"Pleurer\"]','2001-09-29 19:39:35',NULL),
(418,111,'jules83','fournier.rene@orange.fr','Est facere et quisquam ipsa. Exercitationem debitis adipisci officiis qui ipsam.',2,'[\"Rire\",\"Dormir\",\"Pleurer\",\"R\\u00eaver\",\"R\\u00e9fl\\u00e9chir\"]','1970-05-25 12:57:52',NULL),
(419,111,'gauthier.adrienne','jtraore@leclerc.fr','Dolorum aut vel architecto corporis quia commodi. Maxime sunt repudiandae rerum et. Saepe aut vel pariatur molestias autem aperiam.',5,'[\"Rire\",\"R\\u00e9fl\\u00e9chir\",\"R\\u00eaver\",\"Pleurer\"]','2013-11-01 06:17:36',NULL),
(420,112,'vrenault','duhamel.emile@live.com','Sit sed nihil hic dolores. Vero sint inventore dicta nesciunt quis modi rerum. Eaque nemo officiis aut et et.',4,'[\"Dormir\"]','1975-05-30 14:01:51',NULL),
(421,112,'ygimenez','alexandre24@leroy.net','Et repudiandae excepturi repudiandae. Deleniti quae accusamus at est incidunt. Possimus consequatur sed ut atque vel voluptas aut quaerat. Illo totam tenetur laborum officiis natus expedita veniam nobis. Quis aut quia consequatur velit libero.',4,'[\"R\\u00eaver\",\"Pleurer\",\"R\\u00e9fl\\u00e9chir\",\"Dormir\",\"Rire\"]','2006-02-28 03:00:55',NULL),
(422,112,'renard.monique','alex.blot@peron.fr','Perferendis et expedita qui nostrum in ea sit quasi. Velit qui ullam voluptas eum hic velit praesentium facere. Corrupti consequuntur enim aut nihil quia et voluptas.',3,'[\"R\\u00e9fl\\u00e9chir\",\"Rire\",\"Pleurer\",\"R\\u00eaver\",\"Dormir\"]','2006-11-04 14:38:52',NULL),
(423,113,'ydaniel','turpin.denise@tele2.fr','Blanditiis dolores eveniet iste aut. Maiores iusto quidem quam voluptas consequuntur laboriosam tempore. Quia explicabo cumque dicta sunt. Sunt numquam quos ipsa nihil dignissimos sit.',5,'[\"Dormir\",\"Rire\",\"Pleurer\",\"R\\u00e9fl\\u00e9chir\",\"R\\u00eaver\"]','1976-11-22 09:42:24',NULL),
(424,113,'kvincent','charles.baron@baudry.fr','Voluptates sed sed nostrum voluptate in. Quisquam fuga omnis aliquam consequatur in. Ex nemo repellat voluptatem et omnis corrupti. Accusamus odit non tempora perferendis corrupti quia et.',1,'[\"Dormir\",\"R\\u00eaver\",\"Pleurer\",\"R\\u00e9fl\\u00e9chir\"]','2015-12-27 23:35:20',NULL),
(425,113,'dbarbier','laurence88@marchal.fr','Beatae id qui quibusdam voluptatem provident rem fuga. Accusantium nihil nisi consequatur unde maiores harum facere sed. Aspernatur amet qui totam officia cupiditate sit incidunt. Voluptas sint ipsam quia illum ut iste nemo enim.',2,'[\"Dormir\",\"Pleurer\",\"R\\u00eaver\",\"Rire\",\"R\\u00e9fl\\u00e9chir\"]','1992-07-18 18:09:20',NULL),
(426,113,'nvaillant','michel.susan@tele2.fr','Id veniam cum et magni et est. Sit voluptate dolore atque sint. Nihil consectetur ea harum non et iste.',5,'[\"Rire\",\"R\\u00e9fl\\u00e9chir\"]','1982-10-22 13:03:30',NULL),
(427,113,'eric.maillard','thibaut11@seguin.fr','Facilis ex amet occaecati pariatur quis accusantium consequuntur. Repellat voluptas officia sed est omnis a. Repudiandae enim minus exercitationem aliquam rerum ipsam veritatis. Consequatur dolores est mollitia delectus ex natus.',5,'[\"Rire\",\"R\\u00eaver\"]','2010-03-06 23:05:44',NULL),
(428,114,'millet.honore','dupuy.edouard@hotmail.fr','Quis in aperiam et eligendi. Tempora totam maxime similique quia aliquid sed ab. Nihil ab cumque nihil praesentium aut voluptas culpa.',2,'[\"Rire\",\"R\\u00e9fl\\u00e9chir\",\"Dormir\",\"R\\u00eaver\",\"Pleurer\"]','1987-12-08 06:24:22',NULL),
(429,114,'btessier','ribeiro.andree@tele2.fr','Eaque assumenda molestias adipisci sed quo dolores. Ducimus accusamus totam ut. Voluptatum tempore autem voluptas qui. Ratione tenetur numquam error et quaerat eaque.',2,'[\"R\\u00e9fl\\u00e9chir\",\"R\\u00eaver\"]','2023-02-25 13:17:27',NULL),
(430,114,'christine15','sbourdon@live.com','Laboriosam ut voluptates dignissimos consequuntur enim. Illum id rem est. Perferendis earum deserunt consequuntur magnam.',4,'[\"R\\u00e9fl\\u00e9chir\",\"R\\u00eaver\",\"Dormir\"]','2002-03-15 18:39:46',NULL),
(431,115,'ntecher','lefort.tristan@wanadoo.fr','Soluta et hic a earum. Non eligendi dicta totam blanditiis suscipit officia expedita. Quos facere et illo in dolores.',5,'[\"Rire\"]','1991-07-01 22:59:19',NULL),
(432,115,'victoire42','ameyer@raynaud.com','Neque distinctio ut et cupiditate sit accusantium qui. Nesciunt est omnis molestias. Consequatur fugit autem voluptates excepturi quidem ratione.',5,'[\"Rire\",\"R\\u00eaver\",\"Pleurer\",\"R\\u00e9fl\\u00e9chir\",\"Dormir\"]','1997-03-07 20:27:31',NULL),
(433,115,'caroline.maillard','hdelannoy@wanadoo.fr','Dolorum voluptatem dolores occaecati maiores deserunt et enim. Eos exercitationem dolorum dicta aliquid rerum reprehenderit nostrum. Unde nihil quibusdam consectetur officia. Non esse voluptatem id dolorem voluptas ut error. Hic est porro et fugit illum quibusdam.',1,'[\"Pleurer\",\"R\\u00eaver\"]','1997-11-09 21:34:05',NULL),
(434,115,'joseph.lejeune','jlemaire@pinto.net','Recusandae ad voluptas facilis et ut suscipit labore. Iure nostrum libero nihil saepe.',3,'[\"Rire\",\"Dormir\",\"R\\u00e9fl\\u00e9chir\"]','2005-12-01 12:26:25',NULL),
(435,116,'vincent19','robert.emmanuelle@wanadoo.fr','Modi aut ea aut. Quia molestiae distinctio praesentium molestias voluptatem ea eaque ea. Rerum occaecati rerum cum nam modi ipsa quam. Beatae hic aut dolorem sunt dolores.',1,'[\"R\\u00e9fl\\u00e9chir\",\"Pleurer\"]','1993-06-24 01:37:31',NULL),
(436,116,'stephane.lenoir','valentine61@michel.net','Magni veritatis et quo dolor delectus. Omnis veritatis corporis et est ducimus voluptate aut labore. Id placeat sapiente quia rerum.',1,'[\"Pleurer\",\"Dormir\",\"Rire\",\"R\\u00e9fl\\u00e9chir\"]','1991-11-28 01:11:10',NULL),
(437,116,'tristan96','fregnier@joly.org','Doloribus nulla similique modi ut. Pariatur distinctio quibusdam magnam tenetur. Consectetur nisi et architecto reprehenderit hic in. Facilis dolorem repudiandae illum adipisci voluptas.',3,'[\"Dormir\"]','1996-06-30 16:59:31',NULL),
(438,116,'bonnet.dominique','benoit.petit@caron.org','Et aut quibusdam impedit ipsum minima velit. Doloribus fuga eum quis a ratione impedit explicabo. Aut sed aut alias totam nam eum odit. Est excepturi et unde a veniam.',1,'[\"Rire\",\"R\\u00e9fl\\u00e9chir\",\"R\\u00eaver\"]','1974-09-21 05:08:07',NULL),
(439,116,'emile.buisson','charles81@leclerc.com','Sapiente et est excepturi voluptatem. Et ullam eligendi qui repellendus excepturi expedita. Quos sunt quam ut ut doloremque deserunt natus. Totam eius eligendi voluptatem inventore.',4,'[\"Dormir\"]','1983-12-08 02:55:24',NULL),
(440,117,'josette.fournier','patricia.roux@club-internet.fr','Facere quas animi dignissimos at consequatur id enim. Ut veritatis laudantium incidunt quo et veniam. Necessitatibus nulla beatae id inventore sint voluptatem nihil. Quis corrupti explicabo qui amet omnis nemo.',4,'[\"R\\u00eaver\",\"Pleurer\",\"Rire\"]','1986-10-02 01:30:57',NULL),
(441,117,'thibaut17','charpentier.valentine@gmail.com','Beatae cumque ea consequatur laudantium rerum eaque voluptatem voluptates. Porro eos repudiandae inventore ad facere repellendus qui. Omnis dolorem facere accusamus.',2,'[\"Dormir\",\"Rire\",\"R\\u00eaver\",\"R\\u00e9fl\\u00e9chir\",\"Pleurer\"]','2008-07-19 08:01:04',NULL),
(442,117,'tdelaunay','bbigot@martins.com','Ducimus aliquid minima labore expedita tempore. Natus inventore et at soluta voluptatum. Excepturi voluptas sit enim sed. Unde magni officia voluptate ut.',5,'[\"R\\u00eaver\",\"Pleurer\",\"Rire\",\"R\\u00e9fl\\u00e9chir\",\"Dormir\"]','1991-11-28 01:57:48',NULL),
(443,117,'andre39','danielle.goncalves@klein.fr','Molestias consequatur optio est id sed minima. Aut nihil alias qui beatae neque iusto ratione est.',2,'[\"R\\u00e9fl\\u00e9chir\",\"Pleurer\",\"R\\u00eaver\",\"Rire\"]','1976-02-20 19:51:07',NULL),
(444,118,'edouard41','gilles97@berger.net','Repudiandae atque enim sit sed totam. Est quo cum facere quos cumque praesentium. Et numquam fugit rem harum. Minus voluptatem vel eius nobis eos a.',4,'[\"Pleurer\"]','2015-05-04 14:45:39',NULL),
(445,118,'eric87','theophile.bourgeois@tele2.fr','Odit quisquam eum hic odio. Totam vel eaque nihil est sunt. Perspiciatis amet itaque et et.',1,'[\"Pleurer\",\"Dormir\",\"R\\u00eaver\",\"Rire\",\"R\\u00e9fl\\u00e9chir\"]','2007-09-27 19:52:24',NULL),
(446,118,'lucie93','therese22@paris.net','Porro atque ut possimus fuga officiis cupiditate. Doloribus blanditiis quam omnis. Fugit optio omnis repudiandae provident iste. Deserunt necessitatibus tenetur similique assumenda sit ut.',4,'[\"Rire\",\"Dormir\",\"R\\u00e9fl\\u00e9chir\",\"R\\u00eaver\"]','1979-04-13 20:35:49',NULL),
(447,119,'ejean','dorothee06@jacquet.com','Quis id deserunt sed iure. Voluptas hic dolorum itaque molestiae enim perferendis. Voluptates ea nostrum quibusdam iusto sit ut vel. Numquam omnis ipsam exercitationem ea dolorem et in voluptas.',1,'[\"R\\u00e9fl\\u00e9chir\",\"Pleurer\",\"Dormir\"]','2016-03-26 14:07:51',NULL),
(448,119,'hperrin','collet.gabriel@philippe.com','Est expedita dolores est accusantium aspernatur quo ipsum. Ea ut praesentium natus quo voluptatem officia. A sint placeat perspiciatis maiores ex dolores qui. Accusamus suscipit assumenda alias sunt et.',3,'[\"Pleurer\",\"Dormir\",\"R\\u00e9fl\\u00e9chir\"]','2003-02-24 17:50:05',NULL),
(449,119,'aime74','rdelorme@louis.com','Animi vero sed qui qui minima quis ducimus. Nisi provident est eveniet labore. Accusamus autem id officiis qui. Magnam delectus et iusto consequatur quis.',2,'[\"R\\u00e9fl\\u00e9chir\",\"Rire\",\"Dormir\",\"R\\u00eaver\"]','1986-04-10 11:21:52',NULL),
(450,119,'alfred.blanchard','marine03@riviere.fr','Et qui qui eos. Magnam quia ea repellendus dolorum est vel. Saepe voluptas similique doloremque.',2,'[\"Pleurer\",\"Dormir\",\"R\\u00eaver\",\"R\\u00e9fl\\u00e9chir\",\"Rire\"]','1999-04-30 14:32:21',NULL),
(451,120,'gerard.morin','lucas.roy@legall.com','Doloribus est nemo consequatur assumenda. Atque consequuntur laboriosam quis occaecati ipsum modi. Ullam unde consequatur quasi ab.',2,'[\"Dormir\",\"R\\u00eaver\",\"R\\u00e9fl\\u00e9chir\",\"Pleurer\",\"Rire\"]','1973-04-13 04:39:58',NULL),
(452,120,'marc.chevalier','maggie.lemaire@live.com','Maiores quia quo sint fuga. Quaerat excepturi nihil velit animi culpa quia ullam eius. Laudantium est aut necessitatibus vitae cumque ut et sint. Impedit fugit et et sit ex ut velit.',2,'[\"Dormir\",\"Rire\"]','2019-10-27 10:10:40',NULL),
(453,120,'joseph.faure','ylefort@texier.net','Et fuga sunt accusamus. Assumenda ut atque et et omnis mollitia ipsam. Voluptatem sed non est non.',2,'[\"R\\u00e9fl\\u00e9chir\",\"R\\u00eaver\",\"Dormir\",\"Pleurer\"]','2019-05-16 01:13:59',NULL),
(454,121,'fhernandez','philippe.gallet@noos.fr','Consequatur laborum sed blanditiis ad ducimus. Voluptatem odit occaecati repudiandae cupiditate. Voluptates in deserunt cupiditate quae. Sunt iusto velit fugiat vitae.',4,'[\"R\\u00e9fl\\u00e9chir\",\"Rire\",\"Dormir\",\"R\\u00eaver\",\"Pleurer\"]','2016-11-22 18:27:47',NULL),
(455,121,'josette93','berger.guillaume@charrier.fr','Rem aut nihil sunt. Quod ipsam expedita rerum et. Quibusdam ab ea quidem nostrum id.',3,'[\"R\\u00eaver\",\"R\\u00e9fl\\u00e9chir\"]','1991-05-02 23:03:34',NULL),
(456,121,'teixeira.alexandrie','vmasson@noos.fr','Voluptas incidunt qui iusto corrupti est quas fuga. Iste quidem quia cumque at dolores voluptas a voluptatem.',3,'[\"Dormir\"]','2022-07-18 02:09:10',NULL),
(457,122,'marine15','cvaillant@blanchet.fr','Ut nostrum doloremque repudiandae aut doloribus est magni rerum. Fuga saepe et et tempora error consequatur ut.',3,'[\"R\\u00eaver\",\"Dormir\",\"Rire\"]','2019-07-21 03:45:20',NULL),
(458,122,'xavier97','fabre.agathe@gmail.com','Minus placeat delectus dolores accusamus natus. Cupiditate quia aut sit voluptas molestiae facilis. Illo voluptatem est laudantium officia. Ab quibusdam et eius laboriosam tempore.',4,'[\"R\\u00eaver\",\"Dormir\",\"Rire\",\"R\\u00e9fl\\u00e9chir\"]','1975-05-08 07:39:28',NULL),
(459,122,'lucy.roussel','isabelle01@gilbert.org','Qui sint dolorem quia natus omnis iste eligendi. Accusamus accusantium fugiat blanditiis est qui inventore accusamus. Magnam non nihil hic id quidem quae corporis.',2,'[\"Dormir\",\"Pleurer\",\"R\\u00e9fl\\u00e9chir\"]','1978-05-08 22:28:06',NULL),
(460,123,'alphonse.gregoire','charlotte.dias@maillot.org','Sequi ipsum officiis quis enim blanditiis. Debitis aut animi quibusdam hic. Doloremque quibusdam odit quae sed nostrum magnam rerum.',3,'[\"Rire\",\"Dormir\",\"R\\u00e9fl\\u00e9chir\"]','2014-11-08 21:33:26',NULL),
(461,123,'sdeschamps','paul94@turpin.net','Quibusdam enim eos et. Qui sequi omnis est fuga cupiditate voluptatem earum. Sint id animi pariatur veniam facere quia odit. Minima explicabo earum dolor tempore in.',5,'[\"Rire\",\"R\\u00e9fl\\u00e9chir\",\"Pleurer\",\"R\\u00eaver\",\"Dormir\"]','2011-06-23 01:16:48',NULL),
(462,123,'chauveau.agnes','xmaillard@wanadoo.fr','Quis reiciendis quasi voluptatibus qui sapiente ducimus iusto. Quos doloribus quibusdam consequatur odio aperiam incidunt voluptatem. Repellendus et deleniti vitae quia est. Rerum nostrum exercitationem qui impedit odio.',5,'[\"R\\u00eaver\",\"Rire\"]','2023-05-02 11:37:28',NULL),
(463,123,'celine90','coulon.constance@dupre.fr','Ipsum et libero voluptatem non eaque est. Quasi velit aliquam vitae aut. Tenetur debitis consequatur quia est rem id asperiores quibusdam.',5,'[\"R\\u00eaver\",\"Dormir\",\"Rire\",\"Pleurer\",\"R\\u00e9fl\\u00e9chir\"]','2009-04-19 10:28:20',NULL);
/*!40000 ALTER TABLE `review` ENABLE KEYS */;
UNLOCK TABLES;

--
-- Table structure for table `season`
--

DROP TABLE IF EXISTS `season`;
/*!40101 SET @saved_cs_client     = @@character_set_client */;
/*!40101 SET character_set_client = utf8 */;
CREATE TABLE `season` (
  `id` int(11) NOT NULL AUTO_INCREMENT,
  `movie_id` int(11) NOT NULL,
  `number` smallint(6) NOT NULL,
  `episodes_number` smallint(6) NOT NULL,
  PRIMARY KEY (`id`),
  KEY `IDX_F0E45BA98F93B6FC` (`movie_id`),
  CONSTRAINT `FK_F0E45BA98F93B6FC` FOREIGN KEY (`movie_id`) REFERENCES `movie` (`id`)
) ENGINE=InnoDB AUTO_INCREMENT=121 DEFAULT CHARSET=utf8mb4 COLLATE=utf8mb4_unicode_ci;
/*!40101 SET character_set_client = @saved_cs_client */;

--
-- Dumping data for table `season`
--

LOCK TABLES `season` WRITE;
/*!40000 ALTER TABLE `season` DISABLE KEYS */;
INSERT INTO `season` VALUES
(81,84,1,6),
(82,85,1,6),
(83,86,1,6),
(84,87,1,6),
(85,88,1,6),
(86,89,1,6),
(87,90,1,6),
(88,91,1,6),
(89,92,1,6),
(90,93,1,6),
(91,94,1,6),
(92,95,1,6),
(93,96,1,6),
(94,97,1,6),
(95,98,1,6),
(96,99,1,6),
(97,100,1,6),
(98,101,1,6),
(99,102,1,6),
(100,103,1,6),
(101,104,1,6),
(102,105,1,6),
(103,106,1,6),
(104,107,1,6),
(105,108,1,6),
(106,109,1,6),
(107,110,1,6),
(108,111,1,6),
(109,112,1,6),
(110,113,1,6),
(111,114,1,6),
(112,115,1,6),
(113,116,1,6),
(114,117,1,6),
(115,118,1,6),
(116,119,1,6),
(117,120,1,6),
(118,121,1,6),
(119,122,1,6),
(120,123,1,6);
/*!40000 ALTER TABLE `season` ENABLE KEYS */;
UNLOCK TABLES;

--
-- Table structure for table `user`
--

DROP TABLE IF EXISTS `user`;
/*!40101 SET @saved_cs_client     = @@character_set_client */;
/*!40101 SET character_set_client = utf8 */;
CREATE TABLE `user` (
  `id` int(11) NOT NULL AUTO_INCREMENT,
  `email` varchar(180) NOT NULL,
  `roles` longtext NOT NULL COMMENT '(DC2Type:json)',
  `password` varchar(255) NOT NULL,
  PRIMARY KEY (`id`),
  UNIQUE KEY `UNIQ_8D93D649E7927C74` (`email`)
) ENGINE=InnoDB AUTO_INCREMENT=19 DEFAULT CHARSET=utf8mb4 COLLATE=utf8mb4_unicode_ci;
/*!40101 SET character_set_client = @saved_cs_client */;

--
-- Dumping data for table `user`
--

LOCK TABLES `user` WRITE;
/*!40000 ALTER TABLE `user` DISABLE KEYS */;
INSERT INTO `user` VALUES
(16,'admin@omdbflix.io','[\"ROLE_ADMIN\"]','$2y$13$C/EtMMS.LcrXaZzXr9RLOuVFprcvxruRcq291mQD5IBRfB3y1N35C'),
(17,'manager@omdbflix.io','[\"ROLE_MANAGER\"]','$2y$13$OL6ADhzj8/U1h9HUb68sGegbVJSfWJiMe2l24Ev7ZZ3Ag1gucrAs2'),
(18,'user@omdbflix.io','[\"ROLE_USER\"]','$2y$13$5q4/8Jx0.k7glUjWHNYEq.GPjxlVqC/kse3ucvkS8.jWkHomdf1RW');
/*!40000 ALTER TABLE `user` ENABLE KEYS */;
UNLOCK TABLES;
/*!40103 SET TIME_ZONE=@OLD_TIME_ZONE */;

/*!40101 SET SQL_MODE=@OLD_SQL_MODE */;
/*!40014 SET FOREIGN_KEY_CHECKS=@OLD_FOREIGN_KEY_CHECKS */;
/*!40014 SET UNIQUE_CHECKS=@OLD_UNIQUE_CHECKS */;
/*!40101 SET CHARACTER_SET_CLIENT=@OLD_CHARACTER_SET_CLIENT */;
/*!40101 SET CHARACTER_SET_RESULTS=@OLD_CHARACTER_SET_RESULTS */;
/*!40101 SET COLLATION_CONNECTION=@OLD_COLLATION_CONNECTION */;
/*!40111 SET SQL_NOTES=@OLD_SQL_NOTES */;

-- Dump completed on 2024-02-25 16:54:35
